Marca,Modelo,Alemania (€),Países Bajos (€),Reino Unido (£),Precio_Rango,Rango,Bateria,Eficiencia,Peso,Remolque,Carga_Rapida,Carga_Vol,Rango_1_parada,Traccion_trasera,Traccion_delantera,Segmento_mercado,Clasificacion_seguridad,Numero_asientos,Bomba_calor,Carga_bidireccional,Imagen_tag,Sitio
Tesla,Model Y RWD (Juniper),No disponible,No disponible,No disponible,131,365 km,60.0 kWh,164 Wh/km,2003 kg,1600,110,971,430,,,No disponible,-1,No disponible,Heatpump,No disponible,https://ev-database.org//img/auto/Tesla_Model_Y_2025/Tesla_Model_Y_2025-01-thumb.jpg,https://ev-database.org/
BMW,i3 120 Ah,"€39,000","€39,939","£33,805",167,235 km,37.9 kWh,161 Wh/km,1345 kg,0,47,260,222,,,No disponible,-1,No disponible,Heatpump,No disponible,https://ev-database.org//img/auto/BMW_i3_2019/BMW_i3_2019-01-thumb.jpg,https://ev-database.org/
BYD,ATTO 3 (MY23-24),"€37,990","€39,690","£37,195",122,330 km,60.5 kWh,183 Wh/km,1825 kg,0,71,440,325,No disponible,No disponible,No disponible,5,No disponible,Heatpump,No disponible,https://ev-database.org//img/auto/BYD_ATTO_3/BYD_ATTO_3-01-thumb.jpg,https://ev-database.org/
Kia,EV3 Long Range,No disponible,No disponible,No disponible,91,455 km,78.0 kWh,171 Wh/km,1885 kg,1000,105,485,472,No disponible,No disponible,No disponible,-1,No disponible,Heatpump,No disponible,https://ev-database.org//img/auto/Kia_EV3_2025/Kia_EV3_2025-01-thumb.jpg,https://ev-database.org/
Tesla,Model 3 Long Range RWD (Highland),No disponible,No disponible,No disponible,87,545 km,75.0 kWh,138 Wh/km,1822 kg,1000,124,682,653,,,No disponible,5,No disponible,Heatpump,No disponible,https://ev-database.org//img/auto/Tesla_Model_3_2024/Tesla_Model_3_2024-01-thumb.jpg,https://ev-database.org/
Mercedes-Benz,CLA 250+,No disponible,No disponible,No disponible,99,565 km,85.0 kWh,150 Wh/km,2055 kg,1500,170,506,700,,,No disponible,-1,No disponible,Heatpump,No disponible,https://ev-database.org//img/auto/Mercedes_CLA/Mercedes_CLA-01-thumb.jpg,https://ev-database.org/
Tesla,Model Y Long Range AWD (Juniper),No disponible,No disponible,No disponible,124,450 km,75.0 kWh,167 Wh/km,2072 kg,1600,124,971,531,No disponible,No disponible,No disponible,-1,No disponible,Heatpump,No disponible,https://ev-database.org//img/auto/Tesla_Model_Y_2025/Tesla_Model_Y_2025-01-thumb.jpg,https://ev-database.org/
MG,MG4 Electric 64 kWh,No disponible,No disponible,No disponible,102,360 km,61.7 kWh,171 Wh/km,1726 kg,500,115,363,405,,,No disponible,5,No disponible,Heatpump,No disponible,https://ev-database.org//img/auto/MG_MG4_Electric_2022/MG_MG4_Electric_2022-01-thumb.jpg,https://ev-database.org/
BYD,DOLPHIN 60.4 kWh,No disponible,No disponible,No disponible,100,350 km,60.5 kWh,173 Wh/km,1733 kg,0,65,345,338,No disponible,No disponible,No disponible,5,No disponible,Heatpump,No disponible,https://ev-database.org//img/auto/BYD_DOLPHIN/BYD_DOLPHIN-01-thumb.jpg,https://ev-database.org/
Tesla,Model Y Long Range RWD (Juniper),No disponible,No disponible,No disponible,115,455 km,75.0 kWh,165 Wh/km,1976 kg,1600,124,971,540,,,No disponible,-1,No disponible,Heatpump,No disponible,https://ev-database.org//img/auto/Tesla_Model_Y_2025/Tesla_Model_Y_2025-01-thumb.jpg,https://ev-database.org/
Tesla,Model 3 RWD (Highland),No disponible,No disponible,No disponible,101,420 km,57.5 kWh,137 Wh/km,1836 kg,1000,108,682,500,,,No disponible,5,No disponible,Heatpump,No disponible,https://ev-database.org//img/auto/Tesla_Model_3_2024/Tesla_Model_3_2024-01-thumb.jpg,https://ev-database.org/
BYD,SEAL 82.5 kWh AWD Excellence,No disponible,No disponible,No disponible,120,445 km,82.5 kWh,185 Wh/km,2260 kg,1500,100,453,472,No disponible,No disponible,No disponible,5,No disponible,Heatpump,No disponible,https://ev-database.org//img/auto/BYD_SEAL/BYD_SEAL-01-thumb.jpg,https://ev-database.org/
Renault,5 E-Tech 52kWh 150hp,No disponible,No disponible,No disponible,101,320 km,52.0 kWh,163 Wh/km,1524 kg,500,70,326,335,No disponible,No disponible,No disponible,4,No disponible,Heatpump,No disponible,https://ev-database.org//img/auto/Renault_5_ETech/Renault_5_ETech-01-thumb.jpg,https://ev-database.org/
Volkswagen,ID.4 Pro,No disponible,No disponible,No disponible,108,445 km,77.0 kWh,173 Wh/km,2144 kg,1000,120,543,490,,,No disponible,5,No disponible,Heatpump,No disponible,https://ev-database.org//img/auto/Volkswagen_ID4_2024/Volkswagen_ID4_2024-01-thumb.jpg,https://ev-database.org/
Skoda,Elroq 85,No disponible,No disponible,No disponible,97,450 km,77.0 kWh,171 Wh/km,2119 kg,1000,120,470,493,,,No disponible,-1,No disponible,Heatpump,No disponible,https://ev-database.org//img/auto/Skoda_Elroq_2024/Skoda_Elroq_2024-01-thumb.jpg,https://ev-database.org/
Tesla,Model S Plaid,No disponible,No disponible,No disponible,212,560 km,95.0 kWh,170 Wh/km,2265 kg,1600,140,798,636,No disponible,No disponible,No disponible,5,No disponible,Heatpump,No disponible,https://ev-database.org//img/auto/Tesla_Model_S_2021/Tesla_Model_S_2021-01-thumb.jpg,https://ev-database.org/
BYD,SEALION 7 91.3 kWh AWD Excellence,No disponible,No disponible,No disponible,143,430 km,91.3 kWh,212 Wh/km,2510 kg,1500,165,578,489,No disponible,No disponible,No disponible,5,No disponible,Heatpump,No disponible,https://ev-database.org//img/auto/BYD_SEALION_7/BYD_SEALION_7-01-thumb.jpg,https://ev-database.org/
Tesla,Model Y Performance,"€60,970","€58,990","£59,990",146,430 km,75.0 kWh,174 Wh/km,2072 kg,1600,124,971,506,No disponible,No disponible,No disponible,5,No disponible,Heatpump,No disponible,https://ev-database.org//img/auto/Tesla_Model_Y/Tesla_Model_Y-01-thumb.jpg,https://ev-database.org/
Citroen,e-C3,No disponible,No disponible,No disponible,95,255 km,44.0 kWh,173 Wh/km,1491 kg,550,60,310,270,No disponible,No disponible,No disponible,-1,No disponible,No disponible,No disponible,https://ev-database.org//img/auto/Citroen_e-C3/Citroen_e-C3-01-thumb.jpg,https://ev-database.org/
BMW,iX xDrive40,"€77,300","€84,998","£69,905",225,360 km,71.0 kWh,197 Wh/km,2440 kg,2500,102,500,388,No disponible,No disponible,No disponible,5,No disponible,Heatpump,No disponible,https://ev-database.org//img/auto/BMW_iX_2022/BMW_iX_2022-01-thumb.jpg,https://ev-database.org/
Mercedes-Benz,EQS 450+,No disponible,No disponible,No disponible,173,685 km,118.0 kWh,172 Wh/km,2545 kg,750,160,620,731,,,No disponible,-1,No disponible,Heatpump,No disponible,https://ev-database.org//img/auto/Mercedes_EQS_2024/Mercedes_EQS_2024-01-thumb.jpg,https://ev-database.org/
Kia,Niro EV,No disponible,No disponible,No disponible,110,385 km,64.8 kWh,168 Wh/km,1757 kg,750,70,495,365,No disponible,No disponible,No disponible,4,No disponible,Heatpump,No disponible,https://ev-database.org//img/auto/Kia-NiroEV-2022/Kia-NiroEV-2022-01-thumb.jpg,https://ev-database.org/
Hyundai,Kona Electric 65 kWh,No disponible,No disponible,No disponible,116,390 km,65.4 kWh,168 Wh/km,1773 kg,750,86,493,391,No disponible,No disponible,No disponible,4,No disponible,Heatpump,No disponible,https://ev-database.org//img/auto/Hyundai_Kona_Electric_2024/Hyundai_Kona_Electric_2024-01-thumb.jpg,https://ev-database.org/
Volkswagen,e-Golf,"€31,900","€34,005","£28,075",172,190 km,32.0 kWh,168 Wh/km,1615 kg,0,39,341,178,No disponible,No disponible,No disponible,-1,No disponible,Heatpump,No disponible,https://ev-database.org//img/auto/Volkswagen_e-Golf-2017/Volkswagen_e-Golf-2017-01-thumb.jpg,https://ev-database.org/
Hyundai,INSTER Long Range,No disponible,No disponible,No disponible,89,300 km,46.0 kWh,153 Wh/km,1410 kg,0,70,280,311,No disponible,No disponible,No disponible,-1,No disponible,Heatpump,No disponible,https://ev-database.org//img/auto/Hyundai_Inster_2025/Hyundai_Inster_2025-01-thumb.jpg,https://ev-database.org/
Volvo,EX30 Single Motor ER (MY24-26),No disponible,No disponible,No disponible,118,360 km,64.0 kWh,178 Wh/km,1850 kg,1600,114,325,405,,,No disponible,5,No disponible,Heatpump,No disponible,https://ev-database.org//img/auto/Volvo_EX30_2024/Volvo_EX30_2024-01-thumb.jpg,https://ev-database.org/
BYD,TANG Flagship,No disponible,No disponible,No disponible,149,460 km,108.8 kWh,237 Wh/km,2705 kg,1500,100,235,444,No disponible,No disponible,No disponible,5,No disponible,Heatpump,No disponible,https://ev-database.org//img/auto/BYD_TANG_2024/BYD_TANG_2024-01-thumb.jpg,https://ev-database.org/
BYD,DOLPHIN SURF 30 kWh Active,No disponible,No disponible,No disponible,121,190 km,30.0 kWh,158 Wh/km,1369 kg,0,45,308,199,No disponible,No disponible,No disponible,-1,No disponible,Heatpump,No disponible,https://ev-database.org//img/auto/BYD_DOLPHIN_SURF/BYD_DOLPHIN_SURF-01-thumb.jpg,https://ev-database.org/
Fiat,500e Hatchback 42 kWh,No disponible,No disponible,No disponible,144,235 km,37.3 kWh,159 Wh/km,1365 kg,0,67,185,261,No disponible,No disponible,No disponible,4,No disponible,No disponible,No disponible,https://ev-database.org//img/auto/Fiat_500e_Hatchback_2020/Fiat_500e_Hatchback_2020-01-thumb.jpg,https://ev-database.org/
Audi,e-tron 55 quattro,"€81,500","€66,415","£72,935",212,365 km,86.5 kWh,237 Wh/km,2565 kg,1800,146,660,384,No disponible,No disponible,No disponible,5,No disponible,Heatpump,No disponible,https://ev-database.org//img/auto/Audi_e-tron/Audi_e-tron-01-thumb.jpg,https://ev-database.org/
MG,MGS5  EV 64 kWh,No disponible,No disponible,No disponible,108,365 km,62.1 kWh,170 Wh/km,1755 kg,750,90,453,387,,,No disponible,5,No disponible,Heatpump,No disponible,https://ev-database.org//img/auto/MG_MGS5_EV_Electric_2025/MG_MGS5_EV_Electric_2025-01-thumb.jpg,https://ev-database.org/
Hyundai,IONIQ 5 84 kWh RWD (MY24),No disponible,No disponible,No disponible,110,450 km,80.0 kWh,178 Wh/km,2060 kg,1600,205,577,560,,,No disponible,5,No disponible,Heatpump,No disponible,https://ev-database.org//img/auto/Hyundai_IONIQ5_2024/Hyundai_IONIQ5_2024-01-thumb.jpg,https://ev-database.org/
Nissan,Leaf,"€29,990","€33,340","£28,290",136,235 km,39.0 kWh,166 Wh/km,1580 kg,0,40,435,218,No disponible,No disponible,No disponible,5,No disponible,Heatpump,No disponible,https://ev-database.org//img/auto/Nissan_Leaf_2018/Nissan_Leaf_2018-01-thumb.jpg,https://ev-database.org/
BYD,DOLPHIN SURF 43.2 kWh Comfort,No disponible,No disponible,No disponible,101,265 km,43.2 kWh,163 Wh/km,1465 kg,0,60,308,275,No disponible,No disponible,No disponible,-1,No disponible,Heatpump,No disponible,https://ev-database.org//img/auto/BYD_DOLPHIN_SURF/BYD_DOLPHIN_SURF-01-thumb.jpg,https://ev-database.org/
Lynk&Co,02,No disponible,No disponible,No disponible,93,375 km,66.0 kWh,176 Wh/km,1820 kg,1600,90,425,405,,,No disponible,-1,No disponible,No disponible,No disponible,https://ev-database.org//img/auto/LynkCo_02_2024/LynkCo_02_2024-01-thumb.jpg,https://ev-database.org/
Tesla,Model 3 Standard Range Plus (PANA 2170L),"€45,560","€49,990","£40,990",136,350 km,51.0 kWh,146 Wh/km,1700 kg,1000,105,649,421,,,No disponible,5,No disponible,Heatpump,No disponible,https://ev-database.org//img/auto/Tesla_Model_3_2021/Tesla_Model_3_2021-01-thumb.jpg,https://ev-database.org/
Tesla,Model 3 Performance (Highland),No disponible,No disponible,No disponible,126,490 km,75.0 kWh,153 Wh/km,1929 kg,0,124,682,585,No disponible,No disponible,No disponible,5,No disponible,Heatpump,No disponible,https://ev-database.org//img/auto/Tesla_Model_3_Performance_2024/Tesla_Model_3_Performance_2024-01-thumb.jpg,https://ev-database.org/
BMW,iX1 xDrive30,No disponible,No disponible,No disponible,147,380 km,64.7 kWh,170 Wh/km,2085 kg,1200,93,490,407,No disponible,No disponible,No disponible,-1,No disponible,Heatpump,No disponible,https://ev-database.org//img/auto/BMW_iX1_2022/BMW_iX1_2022-01-thumb.jpg,https://ev-database.org/
Rolls-Royce,Spectre,No disponible,No disponible,No disponible,828,465 km,102.0 kWh,219 Wh/km,2965 kg,0,126,380,494,No disponible,No disponible,No disponible,-1,No disponible,Heatpump,No disponible,https://ev-database.org//img/auto/Rolls-Royce-Spectre/Rolls-Royce-Spectre-01-thumb.jpg,https://ev-database.org/
Tesla,Model Y Long Range RWD,"€49,970","€49,990","£46,990",113,455 km,75.0 kWh,165 Wh/km,1959 kg,1600,124,971,535,,,No disponible,5,No disponible,Heatpump,No disponible,https://ev-database.org//img/auto/Tesla_Model_Y/Tesla_Model_Y-01-thumb.jpg,https://ev-database.org/
BYD,ATTO 2,No disponible,No disponible,No disponible,130,245 km,45.1 kWh,184 Wh/km,1645 kg,750,51,400,235,No disponible,No disponible,No disponible,-1,No disponible,Heatpump,No disponible,https://ev-database.org//img/auto/BYD_ATTO_2/BYD_ATTO_2-01-thumb.jpg,https://ev-database.org/
Volkswagen,ID.7 Pro,No disponible,No disponible,No disponible,114,475 km,77.0 kWh,162 Wh/km,2172 kg,1000,125,532,541,,,No disponible,5,No disponible,Heatpump,No disponible,https://ev-database.org//img/auto/Volkswagen_ID7/Volkswagen_ID7-01-thumb.jpg,https://ev-database.org/
Tesla,Model 3 Standard Range Plus,"€46,380","€49,995","£40,490",149,320 km,49.0 kWh,153 Wh/km,1684 kg,1000,105,542,389,,,No disponible,5,No disponible,No disponible,No disponible,https://ev-database.org//img/auto/Tesla_Model_3/Tesla_Model_3-01-thumb.jpg,https://ev-database.org/
Skoda,Elroq 60,No disponible,No disponible,No disponible,109,350 km,59.0 kWh,169 Wh/km,1978 kg,1000,110,470,405,,,No disponible,-1,No disponible,Heatpump,No disponible,https://ev-database.org//img/auto/Skoda_Elroq_2024/Skoda_Elroq_2024-01-thumb.jpg,https://ev-database.org/
Mercedes-Benz,EQB 250+,No disponible,No disponible,No disponible,136,415 km,70.5 kWh,170 Wh/km,2105 kg,1400,90,495,414,No disponible,No disponible,No disponible,-1,No disponible,Heatpump,No disponible,https://ev-database.org//img/auto/Mercedes_EQB_2024/Mercedes_EQB_2024-01-thumb.jpg,https://ev-database.org/
BYD,ATTO 3 (MY25),No disponible,No disponible,No disponible,121,340 km,60.5 kWh,178 Wh/km,1825 kg,750,75,440,348,No disponible,No disponible,No disponible,5,No disponible,Heatpump,No disponible,https://ev-database.org//img/auto/BYD_ATTO_3_2025/BYD_ATTO_3_2025-01-thumb.jpg,https://ev-database.org/
Renault,Scenic E-Tech EV87 220hp,No disponible,No disponible,No disponible,100,480 km,87.0 kWh,181 Wh/km,1917 kg,1100,95,545,481,No disponible,No disponible,No disponible,-1,No disponible,Heatpump,No disponible,https://ev-database.org//img/auto/Renault_Scenic_ETech/Renault_Scenic_ETech-01-thumb.jpg,https://ev-database.org/
Tesla,Model Y Long Range AWD,"€55,970","€52,990","£51,990",126,445 km,75.0 kWh,169 Wh/km,2054 kg,1600,124,971,524,No disponible,No disponible,No disponible,5,No disponible,Heatpump,No disponible,https://ev-database.org//img/auto/Tesla_Model_Y/Tesla_Model_Y-01-thumb.jpg,https://ev-database.org/
MG,ZS EV Long Range,"€37,990",No disponible,No disponible,105,370 km,68.3 kWh,185 Wh/km,1695 kg,500,82,448,352,No disponible,No disponible,No disponible,-1,No disponible,No disponible,No disponible,https://ev-database.org//img/auto/MG_ZS_EV_2022/MG_ZS_EV_2022-01-thumb.jpg,https://ev-database.org/
Renault,Zoe ZE50 R110,"€36,840","€34,895","£29,095",111,315 km,52.0 kWh,165 Wh/km,1577 kg,0,41,338,274,No disponible,No disponible,No disponible,0,No disponible,Heatpump,No disponible,https://ev-database.org//img/auto/Renault_Zoe_2020/Renault_Zoe_2020-01-thumb.jpg,https://ev-database.org/
Mercedes-Benz,EQC 400 4MATIC,"€66,069","€73,216","£74,330",202,370 km,80.0 kWh,216 Wh/km,2495 kg,1800,100,500,366,No disponible,No disponible,No disponible,5,No disponible,Heatpump,No disponible,https://ev-database.org//img/auto/Mercedes_EQC/Mercedes_EQC-01-thumb.jpg,https://ev-database.org/
Hyundai,IONIQ Electric,"€35,350","€37,015","£32,050",146,250 km,38.3 kWh,153 Wh/km,1602 kg,0,36,357,230,No disponible,No disponible,No disponible,5,No disponible,Heatpump,No disponible,https://ev-database.org//img/auto/Hyundai_IONIQ_Electric_2020/Hyundai_IONIQ_Electric_2020-01-thumb.jpg,https://ev-database.org/
Kia,EV3 Standard Range,No disponible,No disponible,No disponible,114,325 km,55.0 kWh,169 Wh/km,1800 kg,300,80,485,341,No disponible,No disponible,No disponible,-1,No disponible,Heatpump,No disponible,https://ev-database.org//img/auto/Kia_EV3_2025/Kia_EV3_2025-01-thumb.jpg,https://ev-database.org/
Renault,Megane E-Tech EV60 220hp,"€46,600","€42,990","£37,995",117,380 km,60.0 kWh,158 Wh/km,1711 kg,900,87,440,410,No disponible,No disponible,No disponible,5,No disponible,Heatpump,No disponible,https://ev-database.org//img/auto/Renault_Megane_ETech/Renault_Megane_ETech-01-thumb.jpg,https://ev-database.org/
CUPRA,Born 150 kW - 58 kWh,"€39,370","€36,939","£34,125",110,350 km,58.0 kWh,166 Wh/km,1811 kg,0,82,385,375,,,No disponible,5,No disponible,Heatpump,No disponible,https://ev-database.org//img/auto/Cupra_el-Born/Cupra_el-Born-01-thumb.jpg,https://ev-database.org/
BMW,i4 eDrive40,"€59,200","€62,992","£57,890",122,515 km,80.7 kWh,157 Wh/km,2125 kg,1600,131,470,584,,,No disponible,4,No disponible,Heatpump,No disponible,https://ev-database.org//img/auto/BMW_i4_eDrive40/BMW_i4_eDrive40-01-thumb.jpg,https://ev-database.org/
Leapmotor,T03,No disponible,No disponible,No disponible,85,225 km,36.0 kWh,160 Wh/km,1250 kg,0,30,210,212,No disponible,No disponible,No disponible,-1,No disponible,No disponible,No disponible,https://ev-database.org//img/auto/Leapmotor_T03/Leapmotor_T03-01-thumb.jpg,https://ev-database.org/
Hyundai,Kona Electric 64 kWh,"€42,900","€41,995","£37,750",110,390 km,64.0 kWh,164 Wh/km,1760 kg,300,64,332,363,No disponible,No disponible,No disponible,-1,No disponible,Heatpump,No disponible,https://ev-database.org//img/auto/Hyundai_Kona_Electric_2021/Hyundai_Kona_Electric_2021-01-thumb.jpg,https://ev-database.org/
Mercedes-Benz,EQA 250,No disponible,No disponible,No disponible,129,395 km,66.5 kWh,168 Wh/km,2045 kg,1500,100,340,405,No disponible,No disponible,No disponible,-1,No disponible,Heatpump,No disponible,https://ev-database.org//img/auto/Mercedes_EQA_2024/Mercedes_EQA_2024-01-thumb.jpg,https://ev-database.org/
Opel,Frontera 44 kWh,No disponible,No disponible,No disponible,118,245 km,44.0 kWh,180 Wh/km,1589 kg,350,60,460,260,No disponible,No disponible,No disponible,-1,No disponible,No disponible,No disponible,https://ev-database.org//img/auto/Opel_Frontera_2024/Opel_Frontera_2024-01-thumb.jpg,https://ev-database.org/
BYD,HAN,"€69,020","€69,990",No disponible,146,475 km,85.4 kWh,180 Wh/km,2325 kg,0,85,410,473,No disponible,No disponible,No disponible,-1,No disponible,Heatpump,No disponible,https://ev-database.org//img/auto/BYD_HAN/BYD_HAN-01-thumb.jpg,https://ev-database.org/
Mercedes-Benz,G 580,No disponible,No disponible,No disponible,510,360 km,116.0 kWh,322 Wh/km,3085 kg,0,150,555,359,No disponible,No disponible,No disponible,-1,No disponible,No disponible,No disponible,https://ev-database.org//img/auto/Mercedes_G-Class/Mercedes_G-Class-01-thumb.jpg,https://ev-database.org/
Mini,Cooper SE,"€35,700","€38,690","£32,550",207,180 km,28.9 kWh,161 Wh/km,1440 kg,0,44,211,183,No disponible,No disponible,No disponible,-1,No disponible,Heatpump,No disponible,https://ev-database.org//img/auto/Mini_Electric_2021/Mini_Electric_2021-01-thumb.jpg,https://ev-database.org/
Tesla,Model S Dual Motor,No disponible,No disponible,No disponible,185,575 km,95.0 kWh,165 Wh/km,2170 kg,1600,140,798,653,No disponible,No disponible,No disponible,5,No disponible,Heatpump,No disponible,https://ev-database.org//img/auto/Tesla_Model_S_2021/Tesla_Model_S_2021-01-thumb.jpg,https://ev-database.org/
BMW,i4 eDrive40,No disponible,No disponible,No disponible,124,515 km,81.3 kWh,158 Wh/km,2125 kg,1600,131,470,589,,,No disponible,-1,No disponible,Heatpump,No disponible,https://ev-database.org//img/auto/BMW_i4_2024/BMW_i4_2024-01-thumb.jpg,https://ev-database.org/
Tesla,Model 3 Long Range AWD,"€53,668","€50,993","£50,990",112,485 km,75.0 kWh,155 Wh/km,1919 kg,1000,124,649,577,No disponible,No disponible,No disponible,5,No disponible,Heatpump,No disponible,https://ev-database.org//img/auto/Tesla_Model_3_2021/Tesla_Model_3_2021-01-thumb.jpg,https://ev-database.org/
Tesla,Model Y RWD (CATL LFP),"€45,970","€45,990","£44,990",137,350 km,57.5 kWh,164 Wh/km,1984 kg,1600,108,971,407,,,No disponible,5,No disponible,Heatpump,No disponible,https://ev-database.org//img/auto/Tesla_Model_Y/Tesla_Model_Y-01-thumb.jpg,https://ev-database.org/
Tesla,Model 3 Long Range AWD (Highland),No disponible,No disponible,No disponible,101,525 km,75.0 kWh,143 Wh/km,1899 kg,1000,124,682,629,No disponible,No disponible,No disponible,5,No disponible,Heatpump,No disponible,https://ev-database.org//img/auto/Tesla_Model_3_2024/Tesla_Model_3_2024-01-thumb.jpg,https://ev-database.org/
KGM,Torres EVX,No disponible,No disponible,No disponible,113,370 km,72.0 kWh,195 Wh/km,1979 kg,1500,85,839,368,No disponible,No disponible,No disponible,-1,No disponible,Heatpump,No disponible,https://ev-database.org//img/auto/KGM_Torres_EVX/KGM_Torres_EVX-01-thumb.jpg,https://ev-database.org/
BMW,iX3,"€67,300","€71,462","£64,165",184,385 km,74.0 kWh,192 Wh/km,2255 kg,750,104,510,411,,,No disponible,-1,No disponible,Heatpump,No disponible,https://ev-database.org//img/auto/BMW_iX3_2022/BMW_iX3_2022-01-thumb.jpg,https://ev-database.org/
Fiat,Grande Panda,No disponible,No disponible,No disponible,96,260 km,43.8 kWh,168 Wh/km,1511 kg,550,60,361,270,No disponible,No disponible,No disponible,-1,No disponible,No disponible,No disponible,https://ev-database.org//img/auto/Fiat_Grande_Panda_2024/Fiat_Grande_Panda_2024-01-thumb.jpg,https://ev-database.org/
BYD,SEALION 7 82.5 kWh RWD Comfort,No disponible,No disponible,No disponible,123,415 km,82.5 kWh,199 Wh/km,2300 kg,750,115,578,438,,,No disponible,5,No disponible,Heatpump,No disponible,https://ev-database.org//img/auto/BYD_SEALION_7/BYD_SEALION_7-01-thumb.jpg,https://ev-database.org/
Toyota,bZ4X FWD,No disponible,No disponible,No disponible,136,350 km,64.0 kWh,183 Wh/km,1970 kg,750,100,452,384,No disponible,No disponible,No disponible,5,No disponible,Heatpump,No disponible,https://ev-database.org//img/auto/Toyota_bZ4X/Toyota_bZ4X-01-thumb.jpg,https://ev-database.org/
Kia,EV9 99.8 kWh AWD,No disponible,No disponible,No disponible,171,435 km,96.0 kWh,221 Wh/km,2625 kg,2500,194,385,485,No disponible,No disponible,No disponible,5,No disponible,Heatpump,No disponible,https://ev-database.org//img/auto/Kia_EV9_2023/Kia_EV9_2023-01-thumb.jpg,https://ev-database.org/
Kia,EV6 Long Range 2WD,"€51,990","€50,995","£45,245",126,410 km,74.0 kWh,180 Wh/km,1985 kg,1600,200,532,514,,,No disponible,5,No disponible,Heatpump,No disponible,https://ev-database.org//img/auto/Kia_EV6_2021/Kia_EV6_2021-01-thumb.jpg,https://ev-database.org/
Ford,Puma Gen-E,No disponible,No disponible,No disponible,130,275 km,43.6 kWh,159 Wh/km,1563 kg,750,85,566,312,No disponible,No disponible,No disponible,-1,No disponible,No disponible,No disponible,https://ev-database.org//img/auto/Ford_Puma_Gen-E/Ford_Puma_Gen-E-01-thumb.jpg,https://ev-database.org/
Mini,Countryman E,No disponible,No disponible,No disponible,119,380 km,64.6 kWh,170 Wh/km,1940 kg,750,93,460,405,No disponible,No disponible,No disponible,5,No disponible,Heatpump,No disponible,https://ev-database.org//img/auto/Mini_Countryman_2024/Mini_Countryman_2024-01-thumb.jpg,https://ev-database.org/
Skoda,Enyaq 85,No disponible,No disponible,No disponible,107,455 km,77.0 kWh,169 Wh/km,2141 kg,1000,120,585,477,,,No disponible,-1,No disponible,Heatpump,No disponible,https://ev-database.org//img/auto/Skoda_Enyaq_2025/Skoda_Enyaq_2025-01-thumb.jpg,https://ev-database.org/
Ford,Capri Extended Range RWD,No disponible,No disponible,No disponible,112,455 km,77.0 kWh,169 Wh/km,2098 kg,1000,120,572,477,,,No disponible,-1,No disponible,Heatpump,No disponible,https://ev-database.org//img/auto/Ford_Capri_2024/Ford_Capri_2024-01-thumb.jpg,https://ev-database.org/
Zeekr,7X Long Range RWD,No disponible,No disponible,No disponible,120,475 km,94.0 kWh,198 Wh/km,2415 kg,2000,260,605,611,,,No disponible,-1,No disponible,Heatpump,No disponible,https://ev-database.org//img/auto/Zeekr_7X_2024/Zeekr_7X_2024-01-thumb.jpg,https://ev-database.org/
Smart,#5 Premium,No disponible,No disponible,No disponible,122,465 km,94.0 kWh,202 Wh/km,2260 kg,1600,230,702,579,,,No disponible,-1,No disponible,Heatpump,No disponible,https://ev-database.org//img/auto/Smart_5_2025/Smart_5_2025-01-thumb.jpg,https://ev-database.org/
Ford,Explorer Extended Range RWD,No disponible,No disponible,No disponible,112,435 km,77.0 kWh,177 Wh/km,2090 kg,1000,120,536,452,,,No disponible,5,No disponible,Heatpump,No disponible,https://ev-database.org//img/auto/Ford_Explorer_2024/Ford_Explorer_2024-01-thumb.jpg,https://ev-database.org/
BYD,DOLPHIN SURF 43.2 kWh Boost,No disponible,No disponible,No disponible,93,270 km,43.2 kWh,160 Wh/km,1445 kg,0,60,308,283,No disponible,No disponible,No disponible,-1,No disponible,Heatpump,No disponible,https://ev-database.org//img/auto/BYD_DOLPHIN_SURF/BYD_DOLPHIN_SURF-01-thumb.jpg,https://ev-database.org/
BYD,SEAL 82.5 kWh RWD Design,No disponible,No disponible,No disponible,102,480 km,82.5 kWh,172 Wh/km,2130 kg,750,100,453,507,,,No disponible,5,No disponible,Heatpump,No disponible,https://ev-database.org//img/auto/BYD_SEAL/BYD_SEAL-01-thumb.jpg,https://ev-database.org/
BYD,SEAL U 87 kWh Design,No disponible,No disponible,No disponible,107,425 km,87.0 kWh,205 Wh/km,2222 kg,1300,85,552,418,No disponible,No disponible,No disponible,5,No disponible,Heatpump,No disponible,https://ev-database.org//img/auto/BYD_SEAL_U/BYD_SEAL_U-01-thumb.jpg,https://ev-database.org/
NIO,ET5 Long Range,No disponible,No disponible,No disponible,140,500 km,90.0 kWh,180 Wh/km,2235 kg,1400,100,386,494,No disponible,No disponible,No disponible,5,No disponible,Heatpump,No disponible,https://ev-database.org//img/auto/NIO_ET5/NIO_ET5-01-thumb.jpg,https://ev-database.org/
Audi,e-tron 50 quattro,"€69,100","€62,700","£60,600",240,280 km,64.7 kWh,231 Wh/km,2445 kg,1800,114,660,299,No disponible,No disponible,No disponible,-1,No disponible,Heatpump,No disponible,https://ev-database.org//img/auto/Audi_e-tron-50-quattro/Audi_e-tron-50-quattro-01-thumb.jpg,https://ev-database.org/
Volkswagen,ID.3 Pro,"€39,995","€39,990","£44,990",125,350 km,58.0 kWh,166 Wh/km,1815 kg,0,82,385,378,,,No disponible,5,No disponible,Heatpump,No disponible,https://ev-database.org//img/auto/Volkswagen_ID3_2023/Volkswagen_ID3_2023-01-thumb.jpg,https://ev-database.org/
Mercedes-Benz,CLA 350 4MATIC,No disponible,No disponible,No disponible,110,550 km,85.0 kWh,155 Wh/km,2135 kg,1800,170,506,682,No disponible,No disponible,No disponible,-1,No disponible,Heatpump,No disponible,https://ev-database.org//img/auto/Mercedes_CLA/Mercedes_CLA-01-thumb.jpg,https://ev-database.org/
Nissan,Ariya 87kWh,No disponible,No disponible,No disponible,111,450 km,87.0 kWh,193 Wh/km,2121 kg,750,110,468,445,No disponible,No disponible,No disponible,5,No disponible,Heatpump,No disponible,https://ev-database.org//img/auto/Nissan_Ariya/Nissan_Ariya-01-thumb.jpg,https://ev-database.org/
Opel,Corsa-e,"€36,395","€36,999","£33,930",127,295 km,46.3 kWh,157 Wh/km,1530 kg,0,78,309,321,No disponible,No disponible,No disponible,4,No disponible,Heatpump,No disponible,https://ev-database.org//img/auto/Opel_Corsa-e/Opel_Corsa-e-01-thumb.jpg,https://ev-database.org/
Audi,A6 Sportback e-tron performance,No disponible,No disponible,No disponible,127,610 km,94.9 kWh,156 Wh/km,2250 kg,2100,200,529,747,,,No disponible,5,No disponible,Heatpump,No disponible,https://ev-database.org//img/auto/Audi_A6_Sportback_etron_2024/Audi_A6_Sportback_etron_2024-01-thumb.jpg,https://ev-database.org/
Audi,Q4 e-tron 45,No disponible,No disponible,No disponible,129,420 km,77.0 kWh,183 Wh/km,2145 kg,1000,120,520,460,,,No disponible,5,No disponible,Heatpump,No disponible,https://ev-database.org//img/auto/Audi_Q4_e-tron_2021/Audi_Q4_e-tron_2021-01-thumb.jpg,https://ev-database.org/
Skoda,Enyaq iV 80,"€48,900","€48,990","£42,925",112,440 km,77.0 kWh,175 Wh/km,2075 kg,1000,125,585,468,,,No disponible,5,No disponible,Heatpump,No disponible,https://ev-database.org//img/auto/Skoda_Enyaq_iV_2020/Skoda_Enyaq_iV_2020-01-thumb.jpg,https://ev-database.org/
BMW,iX xDrive50,"€100,100","€105,097","£102,755",213,505 km,105.2 kWh,208 Wh/km,2585 kg,2500,149,500,538,No disponible,No disponible,No disponible,5,No disponible,Heatpump,No disponible,https://ev-database.org//img/auto/BMW_iX_2022/BMW_iX_2022-01-thumb.jpg,https://ev-database.org/
MG,MG5 Electric Long Range,"€38,490",No disponible,No disponible,112,335 km,57.4 kWh,171 Wh/km,1637 kg,500,60,479,325,No disponible,No disponible,No disponible,-1,No disponible,Heatpump,No disponible,https://ev-database.org//img/auto/MG_MG5_Electric_2021/MG_MG5_Electric_2021-01-thumb.jpg,https://ev-database.org/
Hyundai,IONIQ 6 Long Range 2WD,No disponible,No disponible,No disponible,107,495 km,74.0 kWh,149 Wh/km,1985 kg,1500,200,446,637,,,No disponible,5,No disponible,Heatpump,No disponible,https://ev-database.org//img/auto/Hyundai_IONIQ6_2022/Hyundai_IONIQ6_2022-01-thumb.jpg,https://ev-database.org/
XPENG,G6 RWD Long Range,No disponible,No disponible,No disponible,104,480 km,87.5 kWh,182 Wh/km,2100 kg,0,180,571,574,,,No disponible,5,No disponible,Heatpump,No disponible,https://ev-database.org//img/auto/XPENG_G6/XPENG_G6-01-thumb.jpg,https://ev-database.org/
Tesla,Model S 100D,"€108,420","€113,320","£89,650",223,485 km,95.0 kWh,196 Wh/km,2290 kg,0,100,895,486,No disponible,No disponible,No disponible,-1,No disponible,No disponible,No disponible,https://ev-database.org//img/auto/Tesla_Model_S_2016/Tesla_Model_S_2016-01-thumb.jpg,https://ev-database.org/
Peugeot,e-3008 97 kWh Long Range,No disponible,No disponible,No disponible,106,500 km,96.9 kWh,194 Wh/km,2241 kg,1200,135,588,512,No disponible,No disponible,No disponible,-1,No disponible,Heatpump,No disponible,https://ev-database.org//img/auto/Peugeot_e-3008_2024/Peugeot_e-3008_2024-01-thumb.jpg,https://ev-database.org/
Audi,A6 Avant e-tron performance,No disponible,No disponible,No disponible,138,575 km,94.9 kWh,165 Wh/km,2260 kg,2100,200,529,699,,,No disponible,5,No disponible,Heatpump,No disponible,https://ev-database.org//img/auto/Audi_A6_Avant_etron_2024/Audi_A6_Avant_etron_2024-01-thumb.jpg,https://ev-database.org/
BMW,iX1 eDrive20,No disponible,No disponible,No disponible,127,390 km,64.7 kWh,166 Wh/km,1940 kg,750,93,490,418,No disponible,No disponible,No disponible,-1,No disponible,Heatpump,No disponible,https://ev-database.org//img/auto/BMW_iX1_2022/BMW_iX1_2022-01-thumb.jpg,https://ev-database.org/
Mazda,6e 68.8 kWh,No disponible,No disponible,No disponible,114,390 km,66.0 kWh,169 Wh/km,2028 kg,1500,120,526,455,,,No disponible,-1,No disponible,Heatpump,No disponible,https://ev-database.org//img/auto/Mazda_6e/Mazda_6e-01-thumb.jpg,https://ev-database.org/
Volkswagen,ID.4 Pro Performance,"€46,335","€53,690","£46,035",124,410 km,77.0 kWh,188 Wh/km,2109 kg,1000,125,543,436,,,No disponible,5,No disponible,Heatpump,No disponible,https://ev-database.org//img/auto/Volkswagen_ID4/Volkswagen_ID4-01-thumb.jpg,https://ev-database.org/
Voyah,Free 106 kWh,No disponible,No disponible,No disponible,138,480 km,100.0 kWh,208 Wh/km,2415 kg,2000,80,622,433,No disponible,No disponible,No disponible,-1,No disponible,No disponible,No disponible,https://ev-database.org//img/auto/Voyah_Free/Voyah_Free-01-thumb.jpg,https://ev-database.org/
Tesla,Model 3 Long Range AWD,"€55,480","€59,995","£46,990",124,455 km,73.5 kWh,162 Wh/km,1931 kg,1000,163,542,560,No disponible,No disponible,No disponible,5,No disponible,No disponible,No disponible,https://ev-database.org//img/auto/Tesla_Model_3/Tesla_Model_3-01-thumb.jpg,https://ev-database.org/
Volkswagen,ID.7 Pro S,No disponible,No disponible,No disponible,114,525 km,86.0 kWh,164 Wh/km,2226 kg,1000,145,532,600,,,No disponible,5,No disponible,Heatpump,No disponible,https://ev-database.org//img/auto/Volkswagen_ID7/Volkswagen_ID7-01-thumb.jpg,https://ev-database.org/
Dongfeng,Box 42.3 kWh,No disponible,No disponible,No disponible,96,255 km,40.0 kWh,157 Wh/km,1430 kg,0,53,326,253,No disponible,No disponible,No disponible,-1,No disponible,No disponible,No disponible,https://ev-database.org//img/auto/Dongfeng_Box/Dongfeng_Box-01-thumb.jpg,https://ev-database.org/
Skoda,Enyaq 85,"€48,900","€50,990","£44,540",112,450 km,77.0 kWh,171 Wh/km,2137 kg,1000,120,585,467,,,No disponible,5,No disponible,Heatpump,No disponible,https://ev-database.org//img/auto/Skoda_Enyaq_iV_2020/Skoda_Enyaq_iV_2020-01-thumb.jpg,https://ev-database.org/
Citroen,e-C3 Aircross,No disponible,No disponible,No disponible,112,240 km,44.0 kWh,183 Wh/km,1579 kg,350,60,460,253,No disponible,No disponible,No disponible,-1,No disponible,No disponible,No disponible,https://ev-database.org//img/auto/Citroen_e-C3_Aircross/Citroen_e-C3_Aircross-01-thumb.jpg,https://ev-database.org/
Tesla,Model 3 Performance,"€59,560","€64,990","£59,990",137,470 km,76.0 kWh,162 Wh/km,1919 kg,0,135,649,555,No disponible,No disponible,No disponible,5,No disponible,Heatpump,No disponible,https://ev-database.org//img/auto/Tesla_Model_3_2021/Tesla_Model_3_2021-01-thumb.jpg,https://ev-database.org/
Tesla,Model S 75D,"€71,019","€91,720","£72,350",216,380 km,72.5 kWh,191 Wh/km,2183 kg,0,80,804,386,No disponible,No disponible,No disponible,-1,No disponible,No disponible,No disponible,https://ev-database.org//img/auto/Tesla_Model_S_2016/Tesla_Model_S_2016-01-thumb.jpg,https://ev-database.org/
Kia,EV6 Long Range AWD,No disponible,No disponible,No disponible,128,440 km,80.0 kWh,182 Wh/km,2160 kg,1800,205,510,549,No disponible,No disponible,No disponible,5,No disponible,Heatpump,No disponible,https://ev-database.org//img/auto/Kia_EV6_2024/Kia_EV6_2024-01-thumb.jpg,https://ev-database.org/
BMW,iX xDrive60,No disponible,No disponible,No disponible,195,525 km,109.1 kWh,208 Wh/km,2580 kg,2500,150,500,554,No disponible,No disponible,No disponible,-1,No disponible,Heatpump,No disponible,https://ev-database.org//img/auto/BMW_iX_2025/BMW_iX_2025-01-thumb.jpg,https://ev-database.org/
Hyundai,Kona Electric 64 kWh,"€41,850","€41,595","£39,150",110,390 km,64.0 kWh,164 Wh/km,1760 kg,0,64,361,363,No disponible,No disponible,No disponible,-1,No disponible,Heatpump,No disponible,https://ev-database.org//img/auto/Hyundai_Kona_Electric_2020/Hyundai_Kona_Electric_2020-01-thumb.jpg,https://ev-database.org/
Zeekr,001 Long Range RWD,No disponible,No disponible,No disponible,118,505 km,94.0 kWh,186 Wh/km,2275 kg,1500,135,539,547,,,No disponible,5,No disponible,Heatpump,No disponible,https://ev-database.org//img/auto/Zeekr_001_2023/Zeekr_001_2023-01-thumb.jpg,https://ev-database.org/
Citroen,e-C4,"€34,875","€37,205","£31,960",125,290 km,46.3 kWh,160 Wh/km,1636 kg,0,78,380,318,No disponible,No disponible,No disponible,4,No disponible,Heatpump,No disponible,https://ev-database.org//img/auto/Citroen_e-C4/Citroen_e-C4-01-thumb.jpg,https://ev-database.org/
Hyundai,IONIQ 5 63 kWh RWD (MY24),No disponible,No disponible,No disponible,128,345 km,60.0 kWh,174 Wh/km,1955 kg,750,150,577,423,,,No disponible,5,No disponible,Heatpump,No disponible,https://ev-database.org//img/auto/Hyundai_IONIQ5_2024/Hyundai_IONIQ5_2024-01-thumb.jpg,https://ev-database.org/
Smart,#5 Brabus,No disponible,No disponible,No disponible,138,450 km,94.0 kWh,209 Wh/km,2378 kg,1600,230,677,561,No disponible,No disponible,No disponible,-1,No disponible,Heatpump,No disponible,https://ev-database.org//img/auto/Smart_5_Brabus_2025/Smart_5_Brabus_2025-01-thumb.jpg,https://ev-database.org/
BMW,i4 eDrive35,No disponible,No disponible,No disponible,137,430 km,67.1 kWh,156 Wh/km,2075 kg,1600,95,470,486,,,No disponible,-1,No disponible,Heatpump,No disponible,https://ev-database.org//img/auto/BMW_i4_2024/BMW_i4_2024-01-thumb.jpg,https://ev-database.org/
Kia,e-Niro 64 kWh,"€42,790","€38,995","£34,995",108,375 km,64.0 kWh,171 Wh/km,1812 kg,300,64,451,349,No disponible,No disponible,No disponible,4,No disponible,Heatpump,No disponible,https://ev-database.org//img/auto/Kia_e-Niro-2020/Kia_e-Niro-2020-01-thumb.jpg,https://ev-database.org/
Hongqi,E-HS9 99 kWh,No disponible,No disponible,No disponible,216,370 km,90.0 kWh,243 Wh/km,2705 kg,1500,112,438,367,No disponible,No disponible,No disponible,5,No disponible,No disponible,No disponible,https://ev-database.org//img/auto/Hongqi_E-HS9/Hongqi_E-HS9-01-thumb.jpg,https://ev-database.org/
BMW,i5 eDrive40 Sedan,"€70,200","€78,608","£74,105",166,470 km,81.2 kWh,173 Wh/km,2205 kg,1500,136,490,535,,,No disponible,5,No disponible,Heatpump,No disponible,https://ev-database.org//img/auto/BMW_i5_eDrive40_Sedan/BMW_i5_eDrive40_Sedan-01-thumb.jpg,https://ev-database.org/
Kia,EV4 Hatchback Long Range,No disponible,No disponible,No disponible,96,475 km,78.0 kWh,164 Wh/km,1900 kg,0,105,435,498,No disponible,No disponible,No disponible,-1,No disponible,No disponible,No disponible,https://ev-database.org//img/auto/Kia_EV4_hatchback_2025/Kia_EV4_hatchback_2025-01-thumb.jpg,https://ev-database.org/
Smart,EQ fortwo coupe,"€21,940","€24,885","£22,225",241,100 km,16.7 kWh,167 Wh/km,1095 kg,0,0,260,71,,,No disponible,-1,No disponible,No disponible,No disponible,https://ev-database.org//img/auto/Smart_fortwo_2020/Smart_fortwo_2020-01-thumb.jpg,https://ev-database.org/
Lexus,RZ 450e,No disponible,No disponible,No disponible,183,350 km,64.0 kWh,183 Wh/km,2130 kg,750,100,522,384,No disponible,No disponible,No disponible,5,No disponible,No disponible,No disponible,https://ev-database.org//img/auto/Lexus_RZ_450e/Lexus_RZ_450e-01-thumb.jpg,https://ev-database.org/
Dacia,Spring Electric 45,No disponible,No disponible,No disponible,107,165 km,25.0 kWh,152 Wh/km,1009 kg,0,29,343,151,No disponible,No disponible,No disponible,-1,No disponible,No disponible,No disponible,https://ev-database.org//img/auto/Dacia_Spring_Electric_2024/Dacia_Spring_Electric_2024-01-thumb.jpg,https://ev-database.org/
Lucid,Air Grand Touring,No disponible,No disponible,No disponible,196,665 km,112.0 kWh,168 Wh/km,2435 kg,0,184,739,763,No disponible,No disponible,No disponible,5,No disponible,No disponible,No disponible,https://ev-database.org//img/auto/Lucid_Air/Lucid_Air-01-thumb.jpg,https://ev-database.org/
BMW,i7 xDrive60,No disponible,No disponible,No disponible,272,510 km,101.7 kWh,199 Wh/km,2715 kg,2000,159,500,564,No disponible,No disponible,No disponible,-1,No disponible,Heatpump,No disponible,https://ev-database.org//img/auto/BMW_i7_2022/BMW_i7_2022-01-thumb.jpg,https://ev-database.org/
Zeekr,7X Performance AWD,No disponible,No disponible,No disponible,142,450 km,94.0 kWh,209 Wh/km,2535 kg,2000,260,581,583,No disponible,No disponible,No disponible,-1,No disponible,Heatpump,No disponible,https://ev-database.org//img/auto/Zeekr_7X_2024/Zeekr_7X_2024-01-thumb.jpg,https://ev-database.org/
Tesla,Model 3 RWD (CATL LFP60),"€44,668","€42,993","£42,990",113,405 km,57.5 kWh,142 Wh/km,1835 kg,1000,100,649,471,,,No disponible,5,No disponible,Heatpump,No disponible,https://ev-database.org//img/auto/Tesla_Model_3_2021/Tesla_Model_3_2021-01-thumb.jpg,https://ev-database.org/
MG,MG4 Electric 51 kWh,No disponible,No disponible,No disponible,109,300 km,50.8 kWh,169 Wh/km,1710 kg,500,68,363,306,,,No disponible,5,No disponible,No disponible,No disponible,https://ev-database.org//img/auto/MG_MG4_Electric_2022/MG_MG4_Electric_2022-01-thumb.jpg,https://ev-database.org/
Peugeot,e-3008 73 kWh,No disponible,No disponible,No disponible,129,380 km,73.0 kWh,192 Wh/km,2183 kg,1250,90,588,397,No disponible,No disponible,No disponible,-1,No disponible,Heatpump,No disponible,https://ev-database.org//img/auto/Peugeot_e-3008_2024/Peugeot_e-3008_2024-01-thumb.jpg,https://ev-database.org/
Audi,Q4 e-tron 40,"€51,900","€59,415","£50,630",140,405 km,76.6 kWh,189 Wh/km,2125 kg,1000,125,520,430,,,No disponible,5,No disponible,Heatpump,No disponible,https://ev-database.org//img/auto/Audi_Q4_e-tron_2021/Audi_Q4_e-tron_2021-01-thumb.jpg,https://ev-database.org/
CUPRA,Tavascan Endurance,No disponible,No disponible,No disponible,120,445 km,77.0 kWh,173 Wh/km,2178 kg,1000,120,540,467,,,No disponible,5,No disponible,Heatpump,No disponible,https://ev-database.org//img/auto/CUPRA_Tavascan_2024/CUPRA_Tavascan_2024-01-thumb.jpg,https://ev-database.org/
BYD,SEAL U 71.8 kWh Comfort,No disponible,No disponible,No disponible,118,360 km,71.8 kWh,199 Wh/km,2095 kg,1300,72,552,352,No disponible,No disponible,No disponible,5,No disponible,Heatpump,No disponible,https://ev-database.org//img/auto/BYD_SEAL_U/BYD_SEAL_U-01-thumb.jpg,https://ev-database.org/
Tesla,Model 3 Performance,"€57,668","€54,993","£57,990",130,460 km,75.0 kWh,163 Wh/km,1919 kg,0,124,649,543,No disponible,No disponible,No disponible,5,No disponible,Heatpump,No disponible,https://ev-database.org//img/auto/Tesla_Model_3_2021/Tesla_Model_3_2021-01-thumb.jpg,https://ev-database.org/
Jeep,Avenger Electric,No disponible,No disponible,No disponible,127,310 km,50.8 kWh,164 Wh/km,1595 kg,0,85,355,327,No disponible,No disponible,No disponible,3,No disponible,Heatpump,No disponible,https://ev-database.org//img/auto/Jeep_Avenger/Jeep_Avenger-01-thumb.jpg,https://ev-database.org/
BMW,i4 M50,"€70,800","€76,786","£71,085",170,450 km,80.7 kWh,179 Wh/km,2290 kg,1600,131,470,510,No disponible,No disponible,No disponible,4,No disponible,Heatpump,No disponible,https://ev-database.org//img/auto/BMW_i4_M50/BMW_i4_M50-01-thumb.jpg,https://ev-database.org/
Honda,e:Ny1,No disponible,No disponible,No disponible,130,335 km,61.9 kWh,185 Wh/km,1730 kg,0,60,361,318,No disponible,No disponible,No disponible,-1,No disponible,No disponible,No disponible,https://ev-database.org//img/auto/Honda_e:Ny1/Honda_e:Ny1-01-thumb.jpg,https://ev-database.org/
Leapmotor,C10,No disponible,No disponible,No disponible,112,350 km,69.9 kWh,200 Wh/km,2055 kg,1500,70,435,326,,,No disponible,5,No disponible,Heatpump,No disponible,https://ev-database.org//img/auto/Leapmotor_C10/Leapmotor_C10-01-thumb.jpg,https://ev-database.org/
Hyundai,INSTER Standard Range,No disponible,No disponible,No disponible,98,255 km,39.0 kWh,153 Wh/km,1380 kg,0,60,280,266,No disponible,No disponible,No disponible,-1,No disponible,Heatpump,No disponible,https://ev-database.org//img/auto/Hyundai_Inster_2025/Hyundai_Inster_2025-01-thumb.jpg,https://ev-database.org/
Volkswagen,ID.3 Pro S,No disponible,No disponible,No disponible,95,465 km,77.0 kWh,166 Wh/km,1957 kg,0,120,385,511,,,No disponible,-1,No disponible,Heatpump,No disponible,https://ev-database.org//img/auto/Volkswagen_ID3_2024/Volkswagen_ID3_2024-01-thumb.jpg,https://ev-database.org/
Hyundai,IONIQ 5 Standard Range 2WD (MY21),"€43,900","€49,295","£43,445",162,295 km,54.0 kWh,183 Wh/km,1905 kg,750,140,588,367,,,No disponible,5,No disponible,Heatpump,No disponible,https://ev-database.org//img/auto/Hyundai_IONIQ5_2021/Hyundai_IONIQ5_2021-01-thumb.jpg,https://ev-database.org/
Polestar,2 Long Range Dual Motor,"€54,995","€56,200","£49,550",144,390 km,75.0 kWh,192 Wh/km,2188 kg,1500,108,440,419,No disponible,No disponible,No disponible,5,No disponible,Heatpump,No disponible,https://ev-database.org//img/auto/Polestar_2_2022/Polestar_2_2022-01-thumb.jpg,https://ev-database.org/
Peugeot,e-2008 54 kWh,No disponible,No disponible,No disponible,138,300 km,50.8 kWh,169 Wh/km,1623 kg,0,85,434,324,No disponible,No disponible,No disponible,-1,No disponible,Heatpump,No disponible,https://ev-database.org//img/auto/Peugeot_e-2008_2024/Peugeot_e-2008_2024-01-thumb.jpg,https://ev-database.org/
CUPRA,Born 170 kW - 77 kWh,"€46,450","€46,989","£39,625",103,450 km,77.0 kWh,171 Wh/km,1946 kg,0,115,385,488,,,No disponible,5,No disponible,Heatpump,No disponible,https://ev-database.org//img/auto/Cupra_el-Born/Cupra_el-Born-01-thumb.jpg,https://ev-database.org/
Hyundai,IONIQ 5 N (MY24),No disponible,No disponible,No disponible,191,390 km,80.0 kWh,205 Wh/km,2225 kg,0,205,480,482,No disponible,No disponible,No disponible,5,No disponible,Heatpump,No disponible,https://ev-database.org//img/auto/Hyundai_IONIQ5_N_2024/Hyundai_IONIQ5_N_2024-01-thumb.jpg,https://ev-database.org/
Peugeot,e-208,"€39,100","€34,920","£31,595",129,285 km,46.3 kWh,162 Wh/km,1530 kg,0,78,265,311,No disponible,No disponible,No disponible,4,No disponible,Heatpump,No disponible,https://ev-database.org//img/auto/Peugeot_e-208_GT/Peugeot_e-208_GT-01-thumb.jpg,https://ev-database.org/
Opel,Astra Electric,No disponible,No disponible,No disponible,127,320 km,50.8 kWh,159 Wh/km,1736 kg,0,85,352,343,No disponible,No disponible,No disponible,-1,No disponible,Heatpump,No disponible,https://ev-database.org//img/auto/Opel_Astra_Electric/Opel_Astra_Electric-01-thumb.jpg,https://ev-database.org/
Audi,Q6 e-tron quattro,No disponible,No disponible,No disponible,161,480 km,94.9 kWh,198 Wh/km,2400 kg,2400,200,590,567,No disponible,No disponible,No disponible,5,No disponible,Heatpump,No disponible,https://ev-database.org//img/auto/Audi_Q6_etron_2024/Audi_Q6_etron_2024-01-thumb.jpg,https://ev-database.org/
Volkswagen,ID.3 Pro,"€35,460","€38,390","£30,700",104,350 km,58.0 kWh,166 Wh/km,1812 kg,0,82,385,378,,,No disponible,5,No disponible,Heatpump,No disponible,https://ev-database.org//img/auto/Volkswagen_ID3/Volkswagen_ID3-01-thumb.jpg,https://ev-database.org/
Renault,4 E-Tech 52kWh 150hp,No disponible,No disponible,No disponible,103,315 km,52.0 kWh,165 Wh/km,1537 kg,750,70,420,326,No disponible,No disponible,No disponible,-1,No disponible,Heatpump,No disponible,https://ev-database.org//img/auto/Renault_4_ETech/Renault_4_ETech-01-thumb.jpg,https://ev-database.org/
Ford,Capri Extended Range AWD,No disponible,No disponible,No disponible,128,455 km,79.0 kWh,174 Wh/km,2175 kg,1200,135,572,517,No disponible,No disponible,No disponible,-1,No disponible,Heatpump,No disponible,https://ev-database.org//img/auto/Ford_Capri_2024/Ford_Capri_2024-01-thumb.jpg,https://ev-database.org/
Hyundai,IONIQ 5 Long Range AWD (MY22),"€59,200","€60,995","£50,445",154,385 km,74.0 kWh,192 Wh/km,2120 kg,1600,200,551,484,No disponible,No disponible,No disponible,5,No disponible,Heatpump,No disponible,https://ev-database.org//img/auto/Hyundai_IONIQ5_2021/Hyundai_IONIQ5_2021-01-thumb.jpg,https://ev-database.org/
Volkswagen,ID.3 Pure,No disponible,No disponible,No disponible,105,325 km,52.0 kWh,160 Wh/km,1787 kg,0,90,385,376,,,No disponible,-1,No disponible,Heatpump,No disponible,https://ev-database.org//img/auto/Volkswagen_ID3_2024/Volkswagen_ID3_2024-01-thumb.jpg,https://ev-database.org/
Hyundai,IONIQ Electric,"€33,300","€33,995","£27,250",173,190 km,28.0 kWh,147 Wh/km,1495 kg,0,65,350,225,No disponible,No disponible,No disponible,5,No disponible,Heatpump,No disponible,https://ev-database.org//img/auto/Hyundai_IONIQ_Electric/Hyundai_IONIQ_Electric-01-thumb.jpg,https://ev-database.org/
Omoda,E5,No disponible,No disponible,No disponible,110,345 km,61.0 kWh,177 Wh/km,1785 kg,0,60,380,329,No disponible,No disponible,No disponible,-1,No disponible,No disponible,No disponible,https://ev-database.org//img/auto/Omoda_E5_2024/Omoda_E5_2024-01-thumb.jpg,https://ev-database.org/
Mazda,MX-30,"€35,990","€36,440","£31,250",212,170 km,30.0 kWh,176 Wh/km,1720 kg,0,32,366,167,No disponible,No disponible,No disponible,5,No disponible,No disponible,No disponible,https://ev-database.org//img/auto/Mazda_MX-30/Mazda_MX-30-01-thumb.jpg,https://ev-database.org/
Ford,Capri Standard Range RWD,No disponible,No disponible,No disponible,141,320 km,52.0 kWh,163 Wh/km,1914 kg,1000,85,572,357,,,No disponible,-1,No disponible,Heatpump,No disponible,https://ev-database.org//img/auto/Ford_Capri_2024/Ford_Capri_2024-01-thumb.jpg,https://ev-database.org/
Tesla,Model Y Long Range AWD Launch Series (Juniper),"€61,970","€61,990","£60,990",144,450 km,75.0 kWh,167 Wh/km,2072 kg,1600,124,971,531,No disponible,No disponible,No disponible,-1,No disponible,Heatpump,No disponible,https://ev-database.org//img/auto/Tesla_Model_Y_2025/Tesla_Model_Y_2025-01-thumb.jpg,https://ev-database.org/
Tesla,Model X 100D,"€115,000","€117,820","£91,650",259,435 km,95.0 kWh,218 Wh/km,2533 kg,2250,100,0,434,No disponible,No disponible,No disponible,-1,No disponible,No disponible,No disponible,https://ev-database.org//img/auto/Tesla_Model_X/Tesla_Model_X-01-thumb.jpg,https://ev-database.org/
Dacia,Spring Electric 45,"€22,550","€21,750",No disponible,134,165 km,25.0 kWh,152 Wh/km,1012 kg,0,29,300,151,No disponible,No disponible,No disponible,1,No disponible,No disponible,No disponible,https://ev-database.org//img/auto/Dacia_Spring_Electric_2022/Dacia_Spring_Electric_2022-01-thumb.jpg,https://ev-database.org/
Zeekr,001 Performance AWD,No disponible,No disponible,No disponible,134,480 km,94.0 kWh,196 Wh/km,2410 kg,2000,135,539,524,No disponible,No disponible,No disponible,5,No disponible,Heatpump,No disponible,https://ev-database.org//img/auto/Zeekr_001_2023/Zeekr_001_2023-01-thumb.jpg,https://ev-database.org/
BYD,SEAL 61.4 kWh RWD Comfort,No disponible,No disponible,No disponible,114,365 km,61.4 kWh,168 Wh/km,2045 kg,750,75,453,384,,,No disponible,5,No disponible,Heatpump,No disponible,https://ev-database.org//img/auto/BYD_SEAL/BYD_SEAL-01-thumb.jpg,https://ev-database.org/
Zeekr,X Privilege AWD,No disponible,No disponible,No disponible,141,345 km,64.0 kWh,186 Wh/km,2035 kg,1600,114,362,389,No disponible,No disponible,No disponible,5,No disponible,Heatpump,No disponible,https://ev-database.org//img/auto/Zeekr_X_2023/Zeekr_X_2023-01-thumb.jpg,https://ev-database.org/
Kia,EV4 Sedan Long Range,No disponible,No disponible,No disponible,92,495 km,78.0 kWh,158 Wh/km,1900 kg,0,105,490,518,No disponible,No disponible,No disponible,-1,No disponible,No disponible,No disponible,https://ev-database.org//img/auto/Kia_EV4_sedan_2025/Kia_EV4_sedan_2025-01-thumb.jpg,https://ev-database.org/
Mercedes-Benz,EQE 350+,No disponible,No disponible,No disponible,136,555 km,96.0 kWh,173 Wh/km,2415 kg,750,141,430,597,,,No disponible,5,No disponible,Heatpump,No disponible,https://ev-database.org//img/auto/Mercedes_EQE/Mercedes_EQE-01-thumb.jpg,https://ev-database.org/
Volvo,EX40 Single Motor ER (MY26),No disponible,No disponible,No disponible,133,400 km,79.0 kWh,198 Wh/km,2075 kg,1500,125,441,441,,,No disponible,-1,No disponible,Heatpump,No disponible,https://ev-database.org//img/auto/Volvo_EX40_2025/Volvo_EX40_2025-01-thumb.jpg,https://ev-database.org/
Peugeot,e-5008 73 kWh,No disponible,No disponible,No disponible,140,370 km,73.0 kWh,197 Wh/km,2260 kg,1000,90,348,388,No disponible,No disponible,No disponible,-1,No disponible,Heatpump,No disponible,https://ev-database.org//img/auto/Peugeot_e-5008_2024/Peugeot_e-5008_2024-01-thumb.jpg,https://ev-database.org/
Audi,Q8 e-tron 55 quattro,"€87,300","€78,990","£80,715",171,505 km,106.0 kWh,210 Wh/km,2585 kg,1800,144,631,515,No disponible,No disponible,No disponible,-1,No disponible,Heatpump,No disponible,https://ev-database.org//img/auto/Audi_Q8-etron-2023/Audi_Q8-etron-2023-01-thumb.jpg,https://ev-database.org/
CUPRA,Tavascan VZ,No disponible,No disponible,No disponible,144,425 km,77.0 kWh,181 Wh/km,2273 kg,1200,120,540,446,No disponible,No disponible,No disponible,5,No disponible,Heatpump,No disponible,https://ev-database.org//img/auto/CUPRA_Tavascan_2024/CUPRA_Tavascan_2024-01-thumb.jpg,https://ev-database.org/
Toyota,bZ4X AWD,No disponible,No disponible,No disponible,160,345 km,64.0 kWh,186 Wh/km,2070 kg,750,100,452,377,No disponible,No disponible,No disponible,5,No disponible,Heatpump,No disponible,https://ev-database.org//img/auto/Toyota_bZ4X/Toyota_bZ4X-01-thumb.jpg,https://ev-database.org/
Opel,Mokka-e 50 kWh,"€40,650","€36,999","£36,610",154,260 km,46.3 kWh,178 Wh/km,1598 kg,0,78,310,285,No disponible,No disponible,No disponible,4,No disponible,Heatpump,No disponible,https://ev-database.org//img/auto/Opel_Mokka-e/Opel_Mokka-e-01-thumb.jpg,https://ev-database.org/
XPENG,G9 RWD Long Range,No disponible,No disponible,No disponible,130,480 km,93.1 kWh,194 Wh/km,2285 kg,1500,224,731,592,,,No disponible,5,No disponible,Heatpump,No disponible,https://ev-database.org//img/auto/XPENG_G9/XPENG_G9-01-thumb.jpg,https://ev-database.org/
Renault,Megane E-Tech EV60 220hp (TU2025),No disponible,No disponible,No disponible,102,380 km,60.0 kWh,158 Wh/km,1719 kg,900,87,440,410,No disponible,No disponible,No disponible,5,No disponible,Heatpump,No disponible,https://ev-database.org//img/auto/Renault_Megane_ETech/Renault_Megane_ETech-01-thumb.jpg,https://ev-database.org/
Kia,EV9 99.8 kWh RWD,No disponible,No disponible,No disponible,160,450 km,96.0 kWh,213 Wh/km,2501 kg,900,194,423,502,,,No disponible,5,No disponible,Heatpump,No disponible,https://ev-database.org//img/auto/Kia_EV9_2023/Kia_EV9_2023-01-thumb.jpg,https://ev-database.org/
Polestar,2 Long Range Single Motor,"€50,995","€52,200","£46,450",124,420 km,75.0 kWh,179 Wh/km,2069 kg,1500,108,440,451,No disponible,No disponible,No disponible,5,No disponible,Heatpump,No disponible,https://ev-database.org//img/auto/Polestar_2_2022/Polestar_2_2022-01-thumb.jpg,https://ev-database.org/
Smart,#1 Pro+,No disponible,No disponible,No disponible,129,335 km,62.0 kWh,185 Wh/km,1863 kg,1600,100,338,364,,,No disponible,5,No disponible,Heatpump,No disponible,https://ev-database.org//img/auto/Smart_1_2023/Smart_1_2023-01-thumb.jpg,https://ev-database.org/
MG,ZS EV,"€31,990","€30,985","£26,095",141,220 km,42.5 kWh,193 Wh/km,1566 kg,0,53,448,222,No disponible,No disponible,No disponible,5,No disponible,No disponible,No disponible,https://ev-database.org//img/auto/MG_ZS_EV/MG_ZS_EV-01-thumb.jpg,https://ev-database.org/
Kia,EV6 Long Range 2WD,No disponible,No disponible,No disponible,111,455 km,80.0 kWh,176 Wh/km,2050 kg,1800,205,542,565,,,No disponible,5,No disponible,Heatpump,No disponible,https://ev-database.org//img/auto/Kia_EV6_2024/Kia_EV6_2024-01-thumb.jpg,https://ev-database.org/
MG,Cyberster GT,No disponible,No disponible,No disponible,176,395 km,74.4 kWh,188 Wh/km,2060 kg,0,85,249,409,No disponible,No disponible,No disponible,-1,No disponible,No disponible,No disponible,https://ev-database.org//img/auto/MG_Cyberster/MG_Cyberster-01-thumb.jpg,https://ev-database.org/
Hyundai,IONIQ 5 84 kWh AWD (MY24),No disponible,No disponible,No disponible,134,445 km,80.0 kWh,180 Wh/km,2165 kg,1600,205,544,553,No disponible,No disponible,No disponible,5,No disponible,Heatpump,No disponible,https://ev-database.org//img/auto/Hyundai_IONIQ5_2024/Hyundai_IONIQ5_2024-01-thumb.jpg,https://ev-database.org/
Hyundai,IONIQ 5 Long Range 2WD (MY22),"€47,900","€52,895","£46,945",132,390 km,74.0 kWh,190 Wh/km,2010 kg,1600,200,584,492,,,No disponible,5,No disponible,Heatpump,No disponible,https://ev-database.org//img/auto/Hyundai_IONIQ5_2021/Hyundai_IONIQ5_2021-01-thumb.jpg,https://ev-database.org/
BYD,DOLPHIN 44.9 kWh Active,No disponible,"€29,990",No disponible,113,265 km,44.9 kWh,169 Wh/km,1650 kg,0,50,345,251,No disponible,No disponible,No disponible,5,No disponible,Heatpump,No disponible,https://ev-database.org//img/auto/BYD_DOLPHIN/BYD_DOLPHIN-01-thumb.jpg,https://ev-database.org/
Volkswagen,ID.7 Tourer Pro S,No disponible,No disponible,No disponible,117,520 km,86.0 kWh,165 Wh/km,2235 kg,1000,145,605,589,,,No disponible,5,No disponible,Heatpump,No disponible,https://ev-database.org//img/auto/Volkswagen_ID7_Tourer/Volkswagen_ID7_Tourer-01-thumb.jpg,https://ev-database.org/
Polestar,4 Long Range Single Motor,No disponible,No disponible,No disponible,133,495 km,94.0 kWh,190 Wh/km,2305 kg,1500,135,541,533,,,No disponible,-1,No disponible,Heatpump,No disponible,https://ev-database.org//img/auto/Polestar_4_2024/Polestar_4_2024-01-thumb.jpg,https://ev-database.org/
Peugeot,e-2008 SUV,"€35,450","€40,930","£30,730",143,260 km,46.3 kWh,178 Wh/km,1623 kg,0,78,434,285,No disponible,No disponible,No disponible,-1,No disponible,Heatpump,No disponible,https://ev-database.org//img/auto/Peugeot_e-2008_SUV/Peugeot_e-2008_SUV-01-thumb.jpg,https://ev-database.org/
XPENG,G6 RWD Standard Range,No disponible,No disponible,No disponible,121,370 km,66.0 kWh,178 Wh/km,2100 kg,0,140,571,443,,,No disponible,5,No disponible,Heatpump,No disponible,https://ev-database.org//img/auto/XPENG_G6/XPENG_G6-01-thumb.jpg,https://ev-database.org/
Porsche,Macan 4 Electric,No disponible,No disponible,No disponible,180,470 km,95.0 kWh,202 Wh/km,2405 kg,2000,200,624,563,No disponible,No disponible,No disponible,5,No disponible,Heatpump,No disponible,https://ev-database.org//img/auto/Porsche_Macan_4_2024/Porsche_Macan_4_2024-01-thumb.jpg,https://ev-database.org/
Lotus,Eletre,No disponible,No disponible,No disponible,202,495 km,109.0 kWh,220 Wh/km,2565 kg,2250,259,657,604,No disponible,No disponible,No disponible,-1,No disponible,Heatpump,No disponible,https://ev-database.org//img/auto/Lotus_Eletre/Lotus_Eletre-01-thumb.jpg,https://ev-database.org/
Mercedes-Benz,EQA 250+,No disponible,No disponible,No disponible,129,420 km,70.5 kWh,168 Wh/km,2050 kg,1500,90,340,414,No disponible,No disponible,No disponible,-1,No disponible,Heatpump,No disponible,https://ev-database.org//img/auto/Mercedes_EQA_2024/Mercedes_EQA_2024-01-thumb.jpg,https://ev-database.org/
Mini,Cooper SE,No disponible,No disponible,No disponible,117,330 km,49.2 kWh,149 Wh/km,1680 kg,0,75,200,356,No disponible,No disponible,No disponible,5,No disponible,Heatpump,No disponible,https://ev-database.org//img/auto/Mini_Cooper_Electric_2024/Mini_Cooper_Electric_2024-01-thumb.jpg,https://ev-database.org/
Volkswagen,ID.4 Pure,No disponible,No disponible,No disponible,141,285 km,52.0 kWh,182 Wh/km,1978 kg,1000,87,543,318,,,No disponible,5,No disponible,Heatpump,No disponible,https://ev-database.org//img/auto/Volkswagen_ID4_2024/Volkswagen_ID4_2024-01-thumb.jpg,https://ev-database.org/
Volkswagen,ID.5 Pro,No disponible,No disponible,No disponible,117,460 km,77.0 kWh,167 Wh/km,2130 kg,1000,120,549,508,,,No disponible,5,No disponible,Heatpump,No disponible,https://ev-database.org//img/auto/Volkswagen_ID5_2024/Volkswagen_ID5_2024-01-thumb.jpg,https://ev-database.org/
BMW,iX xDrive45,No disponible,No disponible,No disponible,182,470 km,94.8 kWh,202 Wh/km,2525 kg,2500,115,500,490,No disponible,No disponible,No disponible,-1,No disponible,Heatpump,No disponible,https://ev-database.org//img/auto/BMW_iX_2025/BMW_iX_2025-01-thumb.jpg,https://ev-database.org/
BMW,i5 eDrive40 Sedan (MY25),No disponible,No disponible,No disponible,157,480 km,81.2 kWh,169 Wh/km,2195 kg,1500,136,490,547,,,No disponible,5,No disponible,Heatpump,No disponible,https://ev-database.org//img/auto/BMW_i5_eDrive40_Sedan/BMW_i5_eDrive40_Sedan-01-thumb.jpg,https://ev-database.org/
MG,MG4 Electric 77 kWh,No disponible,No disponible,No disponible,101,425 km,74.4 kWh,175 Wh/km,1826 kg,500,110,363,454,,,No disponible,5,No disponible,Heatpump,No disponible,https://ev-database.org//img/auto/MG_MG4_Electric_2022/MG_MG4_Electric_2022-01-thumb.jpg,https://ev-database.org/
Nissan,Leaf,"€35,900","€25,700","£28,495",134,235 km,39.0 kWh,166 Wh/km,1580 kg,0,40,435,218,No disponible,No disponible,No disponible,5,No disponible,Heatpump,No disponible,https://ev-database.org//img/auto/Nissan_Leaf_2022/Nissan_Leaf_2022-01-thumb.jpg,https://ev-database.org/
Opel,Grandland 73 kWh,No disponible,No disponible,No disponible,124,365 km,73.0 kWh,200 Wh/km,2207 kg,1200,90,550,381,No disponible,No disponible,No disponible,-1,No disponible,Heatpump,No disponible,https://ev-database.org//img/auto/Opel_Grandland_2024/Opel_Grandland_2024-01-thumb.jpg,https://ev-database.org/
Tesla,Model S P100D,"€145,420","€151,020","£127,750",311,475 km,95.0 kWh,200 Wh/km,2316 kg,0,100,895,477,No disponible,No disponible,No disponible,-1,No disponible,No disponible,No disponible,https://ev-database.org//img/auto/Tesla_Model_S_2016/Tesla_Model_S_2016-01-thumb.jpg,https://ev-database.org/
Peugeot,e-208 51 kWh,No disponible,No disponible,No disponible,126,310 km,48.1 kWh,155 Wh/km,1550 kg,0,80,265,338,No disponible,No disponible,No disponible,-1,No disponible,Heatpump,No disponible,https://ev-database.org//img/auto/Peugeot_e-208_2024/Peugeot_e-208_2024-01-thumb.jpg,https://ev-database.org/
BMW,i4 M50,No disponible,No disponible,No disponible,173,450 km,81.3 kWh,181 Wh/km,2290 kg,1600,131,470,516,No disponible,No disponible,No disponible,-1,No disponible,Heatpump,No disponible,https://ev-database.org//img/auto/BMW_i4_M50_2024/BMW_i4_M50_2024-01-thumb.jpg,https://ev-database.org/
firefly,firefly,No disponible,No disponible,No disponible,120,250 km,41.2 kWh,165 Wh/km,1442 kg,0,65,496,271,,,No disponible,-1,No disponible,No disponible,No disponible,https://ev-database.org//img/auto/Firefly_2025/Firefly_2025-01-thumb.jpg,https://ev-database.org/
Tesla,Model S 90D,"€103,320","€105,735",N/A,230,455 km,85.5 kWh,188 Wh/km,2223 kg,0,90,895,449,No disponible,No disponible,No disponible,-1,No disponible,No disponible,No disponible,https://ev-database.org//img/auto/Tesla_Model_S_2016/Tesla_Model_S_2016-01-thumb.jpg,https://ev-database.org/
Skoda,Enyaq iV 60,"€42,100","€44,990","£38,970",129,340 km,58.0 kWh,171 Wh/km,1965 kg,1000,82,585,361,,,No disponible,5,No disponible,Heatpump,No disponible,https://ev-database.org//img/auto/Skoda_Enyaq_iV_2020/Skoda_Enyaq_iV_2020-01-thumb.jpg,https://ev-database.org/
Hyundai,IONIQ 6 Long Range AWD,No disponible,No disponible,No disponible,135,440 km,74.0 kWh,168 Wh/km,2095 kg,1500,200,416,568,No disponible,No disponible,No disponible,5,No disponible,Heatpump,No disponible,https://ev-database.org//img/auto/Hyundai_IONIQ6_2022/Hyundai_IONIQ6_2022-01-thumb.jpg,https://ev-database.org/
Tesla,Model S 85D,"€92,800","€96,200",N/A,225,420 km,80.8 kWh,192 Wh/km,2184 kg,0,95,895,423,No disponible,No disponible,No disponible,5,No disponible,No disponible,No disponible,https://ev-database.org//img/auto/Tesla_Model_S/Tesla_Model_S-01-thumb.jpg,https://ev-database.org/
Peugeot,e-5008 97 kWh Long Range,No disponible,No disponible,No disponible,115,485 km,96.9 kWh,200 Wh/km,2316 kg,1000,135,348,496,No disponible,No disponible,No disponible,-1,No disponible,Heatpump,No disponible,https://ev-database.org//img/auto/Peugeot_e-5008_2024/Peugeot_e-5008_2024-01-thumb.jpg,https://ev-database.org/
Volkswagen,ID. Buzz LWB Pro,No disponible,No disponible,No disponible,168,370 km,86.0 kWh,232 Wh/km,2628 kg,1000,145,1340,407,,,No disponible,5,No disponible,Heatpump,No disponible,https://ev-database.org//img/auto/Volkswagen_ID_Buzz_LWB/Volkswagen_ID_Buzz_LWB-01-thumb.jpg,https://ev-database.org/
Volkswagen,ID.7 Tourer Pro,No disponible,No disponible,No disponible,117,470 km,77.0 kWh,164 Wh/km,2191 kg,1000,125,605,535,,,No disponible,5,No disponible,Heatpump,No disponible,https://ev-database.org//img/auto/Volkswagen_ID7_Tourer/Volkswagen_ID7_Tourer-01-thumb.jpg,https://ev-database.org/
Opel,Corsa Electric 51 kWh,No disponible,No disponible,No disponible,118,315 km,48.1 kWh,153 Wh/km,1544 kg,0,80,267,341,No disponible,No disponible,No disponible,-1,No disponible,Heatpump,No disponible,https://ev-database.org//img/auto/Opel_Corsa_Electric_2023/Opel_Corsa_Electric_2023-01-thumb.jpg,https://ev-database.org/
Hyundai,Kona Electric 48 kWh,No disponible,No disponible,No disponible,138,295 km,48.4 kWh,164 Wh/km,1690 kg,300,50,493,288,No disponible,No disponible,No disponible,4,No disponible,Heatpump,No disponible,https://ev-database.org//img/auto/Hyundai_Kona_Electric_2024/Hyundai_Kona_Electric_2024-01-thumb.jpg,https://ev-database.org/
Tesla,Model S 85,"€87,400","€90,600",N/A,220,405 km,80.8 kWh,199 Wh/km,2175 kg,0,95,895,408,,,No disponible,5,No disponible,No disponible,No disponible,https://ev-database.org//img/auto/Tesla_Model_S/Tesla_Model_S-01-thumb.jpg,https://ev-database.org/
Honda,e,"€33,850","€36,160","£34,365",215,170 km,28.5 kWh,168 Wh/km,1588 kg,0,32,171,169,,,No disponible,4,No disponible,No disponible,No disponible,https://ev-database.org//img/auto/Honda_e/Honda_e-01-thumb.jpg,https://ev-database.org/
DS,N°8 AWD Long Range,No disponible,No disponible,No disponible,139,530 km,97.2 kWh,183 Wh/km,2364 kg,1400,130,620,552,No disponible,No disponible,No disponible,-1,No disponible,Heatpump,No disponible,https://ev-database.org//img/auto/DS_No8_2024/DS_No8_2024-01-thumb.jpg,https://ev-database.org/
Hyundai,IONIQ 6 Standard Range 2WD,No disponible,No disponible,No disponible,134,335 km,50.0 kWh,149 Wh/km,1850 kg,750,120,446,418,,,No disponible,5,No disponible,Heatpump,No disponible,https://ev-database.org//img/auto/Hyundai_IONIQ6_2022/Hyundai_IONIQ6_2022-01-thumb.jpg,https://ev-database.org/
Lancia,Ypsilon,No disponible,No disponible,No disponible,122,310 km,48.1 kWh,155 Wh/km,1561 kg,0,80,309,334,No disponible,No disponible,No disponible,-1,No disponible,Heatpump,No disponible,https://ev-database.org//img/auto/Lancia_Ypsilon/Lancia_Ypsilon-01-thumb.jpg,https://ev-database.org/
Volvo,EX30 Twin Motor Performance (MY24-26),No disponible,No disponible,No disponible,147,335 km,64.0 kWh,191 Wh/km,1960 kg,1600,114,325,378,No disponible,No disponible,No disponible,5,No disponible,Heatpump,No disponible,https://ev-database.org//img/auto/Volvo_EX30_2024/Volvo_EX30_2024-01-thumb.jpg,https://ev-database.org/
Hyundai,IONIQ 9 Long Range AWD,No disponible,No disponible,No disponible,149,490 km,106.0 kWh,216 Wh/km,2728 kg,2500,195,390,559,No disponible,No disponible,No disponible,-1,No disponible,Heatpump,No disponible,https://ev-database.org//img/auto/Hyundai_IONIQ9_2024/Hyundai_IONIQ9_2024-01-thumb.jpg,https://ev-database.org/
Volvo,EX30 Single Motor (MY24-26),No disponible,No disponible,No disponible,137,275 km,49.0 kWh,178 Wh/km,1840 kg,1000,80,325,306,,,No disponible,5,No disponible,No disponible,No disponible,https://ev-database.org//img/auto/Volvo_EX30_2024/Volvo_EX30_2024-01-thumb.jpg,https://ev-database.org/
Tesla,Model X Plaid,No disponible,No disponible,No disponible,280,465 km,95.0 kWh,204 Wh/km,2539 kg,2250,140,608,516,No disponible,No disponible,No disponible,-1,No disponible,Heatpump,No disponible,https://ev-database.org//img/auto/Tesla_Model_X_2021/Tesla_Model_X_2021-01-thumb.jpg,https://ev-database.org/
BYD,TANG,"€71,400","€69,990",No disponible,199,355 km,86.4 kWh,243 Wh/km,2705 kg,1500,109,235,342,No disponible,No disponible,No disponible,-1,No disponible,Heatpump,No disponible,https://ev-database.org//img/auto/BYD_TANG/BYD_TANG-01-thumb.jpg,https://ev-database.org/
BMW,iX2 eDrive20,No disponible,No disponible,No disponible,134,395 km,64.7 kWh,164 Wh/km,1960 kg,750,93,525,427,No disponible,No disponible,No disponible,-1,No disponible,Heatpump,No disponible,https://ev-database.org//img/auto/BMW_iX2_2024/BMW_iX2_2024-01-thumb.jpg,https://ev-database.org/
Nissan,Leaf e+,"€37,550","€40,290","£32,945",112,345 km,59.0 kWh,171 Wh/km,1756 kg,0,44,420,297,No disponible,No disponible,No disponible,5,No disponible,Heatpump,No disponible,https://ev-database.org//img/auto/Nissan_Leaf_2018/Nissan_Leaf_2018-01-thumb.jpg,https://ev-database.org/
Fiat,600e,No disponible,No disponible,No disponible,116,310 km,50.8 kWh,164 Wh/km,1595 kg,0,79,360,333,No disponible,No disponible,No disponible,-1,No disponible,Heatpump,No disponible,https://ev-database.org//img/auto/Fiat_600e/Fiat_600e-01-thumb.jpg,https://ev-database.org/
Audi,Q6 e-tron performance,No disponible,No disponible,No disponible,145,490 km,94.9 kWh,194 Wh/km,2275 kg,2000,190,590,570,,,No disponible,5,No disponible,Heatpump,No disponible,https://ev-database.org//img/auto/Audi_Q6_etron_2024/Audi_Q6_etron_2024-01-thumb.jpg,https://ev-database.org/
Nissan,e-NV200 Evalia,"€43,730","€45,173","£32,755",248,170 km,37.0 kWh,218 Wh/km,1667 kg,0,40,2000,157,No disponible,No disponible,No disponible,-1,No disponible,Heatpump,No disponible,https://ev-database.org//img/auto/Nissan_e-NV200_Evalia_2018/Nissan_e-NV200_Evalia_2018-01-thumb.jpg,https://ev-database.org/
Volkswagen,ID.3 GTX,No disponible,"€51,990",No disponible,109,470 km,79.0 kWh,168 Wh/km,1985 kg,0,135,385,526,,,No disponible,-1,No disponible,Heatpump,No disponible,https://ev-database.org//img/auto/Volkswagen_ID3_GTX_2024/Volkswagen_ID3_GTX_2024-01-thumb.jpg,https://ev-database.org/
Renault,Zoe ZE50 R135,"€37,840","€36,195","£29,995",117,310 km,52.0 kWh,168 Wh/km,1577 kg,0,41,338,271,No disponible,No disponible,No disponible,0,No disponible,Heatpump,No disponible,https://ev-database.org//img/auto/Renault_Zoe_2020/Renault_Zoe_2020-01-thumb.jpg,https://ev-database.org/
BMW,i5 M60 xDrive Sedan,"€99,500","€109,463","£97,745",255,420 km,81.2 kWh,193 Wh/km,2380 kg,2000,136,490,479,No disponible,No disponible,No disponible,5,No disponible,Heatpump,No disponible,https://ev-database.org//img/auto/BMW_i5_M60_xDrive_Sedan/BMW_i5_M60_xDrive_Sedan-01-thumb.jpg,https://ev-database.org/
Tesla,Model S Long Range,"€79,990","€81,005","£74,980",155,530 km,95.0 kWh,179 Wh/km,2255 kg,0,110,894,561,No disponible,No disponible,No disponible,-1,No disponible,No disponible,No disponible,https://ev-database.org//img/auto/Tesla_Model_S_2016/Tesla_Model_S_2016-01-thumb.jpg,https://ev-database.org/
Audi,e-tron GT quattro,"€106,050","€111,505","£87,800",253,420 km,85.0 kWh,202 Wh/km,2350 kg,0,216,490,529,No disponible,No disponible,No disponible,-1,No disponible,Heatpump,No disponible,https://ev-database.org//img/auto/Audi_e-tron_GT_quattro/Audi_e-tron_GT_quattro-01-thumb.jpg,https://ev-database.org/
Skoda,Enyaq Coupe RS,No disponible,No disponible,No disponible,129,470 km,79.0 kWh,168 Wh/km,2239 kg,1200,135,570,534,No disponible,No disponible,No disponible,-1,No disponible,Heatpump,No disponible,https://ev-database.org//img/auto/Skoda_Enyaq_Coupe_RS_2025/Skoda_Enyaq_Coupe_RS_2025-01-thumb.jpg,https://ev-database.org/
Polestar,2 Long Range Single Motor (MY26),No disponible,No disponible,No disponible,113,475 km,79.0 kWh,166 Wh/km,2084 kg,1500,125,448,533,,,No disponible,5,No disponible,Heatpump,No disponible,https://ev-database.org//img/auto/Polestar_2_2024/Polestar_2_2024-01-thumb.jpg,https://ev-database.org/
Lucid,Air Dream Edition R,"€218,000","€222,000",No disponible,321,685 km,118.0 kWh,172 Wh/km,2435 kg,0,185,739,786,No disponible,No disponible,No disponible,5,No disponible,No disponible,No disponible,https://ev-database.org//img/auto/Lucid_Air/Lucid_Air-01-thumb.jpg,https://ev-database.org/
Subaru,Solterra AWD,No disponible,No disponible,No disponible,175,320 km,64.0 kWh,200 Wh/km,2085 kg,750,100,441,347,No disponible,No disponible,No disponible,5,No disponible,Heatpump,No disponible,https://ev-database.org//img/auto/Subaru_Solterra/Subaru_Solterra-01-thumb.jpg,https://ev-database.org/
Cadillac,Lyriq 600 E4,No disponible,No disponible,No disponible,175,460 km,102.0 kWh,222 Wh/km,2774 kg,1587,165,793,492,No disponible,No disponible,No disponible,-1,No disponible,Heatpump,No disponible,https://ev-database.org//img/auto/Cadillac_Lyriq/Cadillac_Lyriq-01-thumb.jpg,https://ev-database.org/
Skoda,Elroq 50,No disponible,No disponible,No disponible,113,310 km,52.0 kWh,168 Wh/km,1949 kg,1000,90,470,351,,,No disponible,-1,No disponible,No disponible,No disponible,https://ev-database.org//img/auto/Skoda_Elroq_2024/Skoda_Elroq_2024-01-thumb.jpg,https://ev-database.org/
Volkswagen,ID. Buzz Pro,"€64,581","€56,990","£59,035",183,345 km,77.0 kWh,223 Wh/km,2459 kg,1000,115,1121,368,,,No disponible,5,No disponible,No disponible,No disponible,https://ev-database.org//img/auto/Volkswagen_ID_Buzz/Volkswagen_ID_Buzz-01-thumb.jpg,https://ev-database.org/
Hyundai,IONIQ 9 Long Range RWD,No disponible,No disponible,No disponible,138,500 km,106.0 kWh,212 Wh/km,2612 kg,1600,195,426,567,,,No disponible,-1,No disponible,Heatpump,No disponible,https://ev-database.org//img/auto/Hyundai_IONIQ9_2024/Hyundai_IONIQ9_2024-01-thumb.jpg,https://ev-database.org/
Volkswagen,e-Up!,"€29,995","€25,850","£24,085",136,205 km,32.3 kWh,158 Wh/km,1248 kg,0,30,250,188,No disponible,No disponible,No disponible,3,No disponible,No disponible,No disponible,https://ev-database.org//img/auto/Volkswagen_e-Up-2019/Volkswagen_e-Up-2019-01-thumb.jpg,https://ev-database.org/
Audi,Q6 e-tron,No disponible,No disponible,No disponible,167,395 km,75.8 kWh,192 Wh/km,2200 kg,2000,150,590,459,,,No disponible,5,No disponible,Heatpump,No disponible,https://ev-database.org//img/auto/Audi_Q6_etron_2024/Audi_Q6_etron_2024-01-thumb.jpg,https://ev-database.org/
Mercedes-Benz,EQS 450+,"€109,551","€109,090","£105,610",179,635 km,107.8 kWh,170 Wh/km,2480 kg,750,173,610,703,,,No disponible,5,No disponible,No disponible,No disponible,https://ev-database.org//img/auto/Mercedes_EQS_2021/Mercedes_EQS_2021-01-thumb.jpg,https://ev-database.org/
Volkswagen,ID.3 Pro,No disponible,No disponible,No disponible,109,365 km,59.0 kWh,162 Wh/km,1815 kg,0,110,385,422,,,No disponible,-1,No disponible,Heatpump,No disponible,https://ev-database.org//img/auto/Volkswagen_ID3_2024/Volkswagen_ID3_2024-01-thumb.jpg,https://ev-database.org/
NIO,EL7 Long Range,No disponible,No disponible,No disponible,224,430 km,90.0 kWh,209 Wh/km,2441 kg,2000,100,570,421,No disponible,No disponible,No disponible,5,No disponible,Heatpump,No disponible,https://ev-database.org//img/auto/NIO_EL7/NIO_EL7-01-thumb.jpg,https://ev-database.org/
Maxus,MIFA 9,No disponible,No disponible,No disponible,197,365 km,84.0 kWh,230 Wh/km,2385 kg,1000,103,521,346,No disponible,No disponible,No disponible,5,No disponible,Heatpump,No disponible,https://ev-database.org//img/auto/Maxus_MIFA_9/Maxus_MIFA_9-01-thumb.jpg,https://ev-database.org/
BYD,SEALION 7 82.5 kWh AWD Design,No disponible,No disponible,No disponible,140,400 km,82.5 kWh,206 Wh/km,2415 kg,1500,115,578,422,No disponible,No disponible,No disponible,5,No disponible,Heatpump,No disponible,https://ev-database.org//img/auto/BYD_SEALION_7/BYD_SEALION_7-01-thumb.jpg,https://ev-database.org/
Tesla,Model S Long Range Plus,"€81,990","€86,005","£79,980",156,555 km,98.0 kWh,177 Wh/km,2255 kg,0,125,894,620,No disponible,No disponible,No disponible,-1,No disponible,No disponible,No disponible,https://ev-database.org//img/auto/Tesla_Model_S_2016/Tesla_Model_S_2016-01-thumb.jpg,https://ev-database.org/
Kia,EV6 GT,"€72,990","€69,295","£62,645",198,360 km,74.0 kWh,206 Wh/km,2200 kg,1800,200,500,449,No disponible,No disponible,No disponible,5,No disponible,Heatpump,No disponible,https://ev-database.org//img/auto/Kia_EV6_GT_2021/Kia_EV6_GT_2021-01-thumb.jpg,https://ev-database.org/
NIO,ET7 Standard Range,No disponible,No disponible,No disponible,201,415 km,73.5 kWh,177 Wh/km,2434 kg,2000,110,363,456,No disponible,No disponible,No disponible,5,No disponible,Heatpump,No disponible,https://ev-database.org//img/auto/NIO_ET7/NIO_ET7-01-thumb.jpg,https://ev-database.org/
Renault,Twingo Electric,"€28,000","€24,190",No disponible,193,135 km,21.3 kWh,158 Wh/km,1186 kg,0,0,174,92,,,No disponible,-1,No disponible,No disponible,No disponible,https://ev-database.org//img/auto/Renault_Twingo_ZE_2020/Renault_Twingo_ZE_2020-01-thumb.jpg,https://ev-database.org/
Polestar,4 Long Range Dual Motor,No disponible,No disponible,No disponible,152,485 km,94.0 kWh,194 Wh/km,2430 kg,2000,135,541,524,No disponible,No disponible,No disponible,-1,No disponible,Heatpump,No disponible,https://ev-database.org//img/auto/Polestar_4_2024/Polestar_4_2024-01-thumb.jpg,https://ev-database.org/
Tesla,Model S P90D,"€120,300","€122,400",N/A,292,415 km,85.5 kWh,206 Wh/km,2262 kg,0,90,895,408,No disponible,No disponible,No disponible,5,No disponible,No disponible,No disponible,https://ev-database.org//img/auto/Tesla_Model_S/Tesla_Model_S-01-thumb.jpg,https://ev-database.org/
Smart,#1 Brabus,No disponible,No disponible,No disponible,158,325 km,62.0 kWh,191 Wh/km,1975 kg,1600,100,328,357,No disponible,No disponible,No disponible,5,No disponible,Heatpump,No disponible,https://ev-database.org//img/auto/Smart_1_Brabus_2023/Smart_1_Brabus_2023-01-thumb.jpg,https://ev-database.org/
Tesla,Model 3 Long Range RWD,No disponible,"€46,993","£46,990",102,495 km,75.0 kWh,152 Wh/km,1825 kg,1000,124,649,586,,,No disponible,5,No disponible,Heatpump,No disponible,https://ev-database.org//img/auto/Tesla_Model_3_2021/Tesla_Model_3_2021-01-thumb.jpg,https://ev-database.org/
BMW,i4 eDrive35,"€56,500","€59,362","£49,995",134,430 km,67.0 kWh,156 Wh/km,2065 kg,1600,95,470,487,,,No disponible,4,No disponible,Heatpump,No disponible,https://ev-database.org//img/auto/BMW_i4_eDrive40/BMW_i4_eDrive40-01-thumb.jpg,https://ev-database.org/
Dacia,Spring Electric 65,No disponible,No disponible,No disponible,119,160 km,25.0 kWh,156 Wh/km,1032 kg,0,29,343,149,No disponible,No disponible,No disponible,-1,No disponible,No disponible,No disponible,https://ev-database.org//img/auto/Dacia_Spring_Electric_2024/Dacia_Spring_Electric_2024-01-thumb.jpg,https://ev-database.org/
Volkswagen,ID.7 Tourer GTX,No disponible,No disponible,No disponible,138,500 km,86.0 kWh,172 Wh/km,2339 kg,1200,145,605,570,No disponible,No disponible,No disponible,5,No disponible,Heatpump,No disponible,https://ev-database.org//img/auto/Volkswagen_ID7_Tourer_GTX/Volkswagen_ID7_Tourer_GTX-01-thumb.jpg,https://ev-database.org/
Porsche,Macan Electric,No disponible,No disponible,No disponible,164,495 km,95.0 kWh,192 Wh/km,2295 kg,2000,200,624,587,,,No disponible,5,No disponible,Heatpump,No disponible,https://ev-database.org//img/auto/Porsche_Macan_Electric_2024/Porsche_Macan_Electric_2024-01-thumb.jpg,https://ev-database.org/
Hyundai,IONIQ 5 Long Range 2WD (MY21),"€45,900","€46,500","£45,400",130,370 km,70.0 kWh,189 Wh/km,1985 kg,1600,185,588,459,,,No disponible,5,No disponible,Heatpump,No disponible,https://ev-database.org//img/auto/Hyundai_IONIQ5_2021/Hyundai_IONIQ5_2021-01-thumb.jpg,https://ev-database.org/
Mercedes-Benz,EQB 300 4MATIC,No disponible,No disponible,No disponible,174,345 km,66.5 kWh,193 Wh/km,2165 kg,1700,100,495,357,No disponible,No disponible,No disponible,-1,No disponible,Heatpump,No disponible,https://ev-database.org//img/auto/Mercedes_EQB_2024/Mercedes_EQB_2024-01-thumb.jpg,https://ev-database.org/
Tesla,Model X Dual Motor,No disponible,No disponible,No disponible,242,485 km,95.0 kWh,196 Wh/km,2415 kg,2250,140,608,539,No disponible,No disponible,No disponible,-1,No disponible,Heatpump,No disponible,https://ev-database.org//img/auto/Tesla_Model_X_2021/Tesla_Model_X_2021-01-thumb.jpg,https://ev-database.org/
Porsche,Taycan,"€88,399","€93,500","£75,500",218,410 km,71.0 kWh,173 Wh/km,2125 kg,0,183,491,517,,,No disponible,5,No disponible,Heatpump,No disponible,https://ev-database.org//img/auto/Porsche_Taycan/Porsche_Taycan-01-thumb.jpg,https://ev-database.org/
XPENG,P7 RWD Long Range,No disponible,No disponible,No disponible,102,495 km,82.7 kWh,167 Wh/km,2095 kg,0,138,440,554,,,No disponible,5,No disponible,Heatpump,No disponible,https://ev-database.org//img/auto/XPENG_P7/XPENG_P7-01-thumb.jpg,https://ev-database.org/
NIO,EL8 Long Range,No disponible,No disponible,No disponible,232,440 km,90.0 kWh,205 Wh/km,2633 kg,2000,190,265,524,No disponible,No disponible,No disponible,-1,No disponible,Heatpump,No disponible,https://ev-database.org//img/auto/NIO_EL8/NIO_EL8-01-thumb.jpg,https://ev-database.org/
Tesla,Model 3 Long Range RWD,No disponible,"€54,018",No disponible,114,475 km,73.5 kWh,155 Wh/km,1801 kg,910,163,542,583,,,No disponible,5,No disponible,No disponible,No disponible,https://ev-database.org//img/auto/Tesla_Model_3/Tesla_Model_3-01-thumb.jpg,https://ev-database.org/
Kia,EV6 GT,No disponible,No disponible,No disponible,185,385 km,80.0 kWh,208 Wh/km,2220 kg,1800,205,500,477,No disponible,No disponible,No disponible,5,No disponible,Heatpump,No disponible,https://ev-database.org//img/auto/Kia_EV6_GT_2025/Kia_EV6_GT_2025-01-thumb.jpg,https://ev-database.org/
Tesla,Model 3 Long Range AWD,"€53,560","€57,990","£49,990",121,465 km,72.0 kWh,155 Wh/km,1919 kg,1000,108,649,534,No disponible,No disponible,No disponible,5,No disponible,Heatpump,No disponible,https://ev-database.org//img/auto/Tesla_Model_3_2021/Tesla_Model_3_2021-01-thumb.jpg,https://ev-database.org/
XPENG,G6 AWD Performance,No disponible,No disponible,No disponible,111,475 km,87.5 kWh,184 Wh/km,2195 kg,0,180,571,565,No disponible,No disponible,No disponible,5,No disponible,Heatpump,No disponible,https://ev-database.org//img/auto/XPENG_G6/XPENG_G6-01-thumb.jpg,https://ev-database.org/
Volvo,ES90 Twin Motor (MY26),No disponible,No disponible,No disponible,170,530 km,102.0 kWh,192 Wh/km,2628 kg,2000,225,468,651,No disponible,No disponible,No disponible,-1,No disponible,Heatpump,No disponible,https://ev-database.org//img/auto/Volvo_ES90/Volvo_ES90-01-thumb.jpg,https://ev-database.org/
XPENG,G9 AWD Performance,No disponible,No disponible,No disponible,154,465 km,93.1 kWh,200 Wh/km,2415 kg,1500,224,731,577,No disponible,No disponible,No disponible,5,No disponible,Heatpump,No disponible,https://ev-database.org//img/auto/XPENG_G9/XPENG_G9-01-thumb.jpg,https://ev-database.org/
CUPRA,Born 170 kW - 77 kWh,No disponible,No disponible,No disponible,99,460 km,77.0 kWh,167 Wh/km,1969 kg,0,125,385,512,,,No disponible,5,No disponible,Heatpump,No disponible,https://ev-database.org//img/auto/Cupra_el-Born/Cupra_el-Born-01-thumb.jpg,https://ev-database.org/
Audi,A6 Sportback e-tron quattro,No disponible,No disponible,No disponible,139,590 km,94.9 kWh,161 Wh/km,2360 kg,2100,200,529,728,No disponible,No disponible,No disponible,5,No disponible,Heatpump,No disponible,https://ev-database.org//img/auto/Audi_A6_Sportback_etron_2024/Audi_A6_Sportback_etron_2024-01-thumb.jpg,https://ev-database.org/
Hyundai,Kona Electric 39 kWh,"€36,400","€35,495","£32,450",149,245 km,39.2 kWh,160 Wh/km,1610 kg,0,37,332,223,No disponible,No disponible,No disponible,-1,No disponible,Heatpump,No disponible,https://ev-database.org//img/auto/Hyundai_Kona_Electric_2021/Hyundai_Kona_Electric_2021-01-thumb.jpg,https://ev-database.org/
Mercedes-Benz,EQS SUV 450 4MATIC,No disponible,No disponible,No disponible,247,530 km,118.0 kWh,223 Wh/km,2840 kg,1800,160,645,543,No disponible,No disponible,No disponible,-1,No disponible,Heatpump,No disponible,https://ev-database.org//img/auto/Mercedes_EQS_SUV_2022/Mercedes_EQS_SUV_2022-01-thumb.jpg,https://ev-database.org/
XPENG,G9 RWD Standard Range,No disponible,No disponible,No disponible,148,395 km,75.8 kWh,192 Wh/km,2310 kg,1500,170,731,473,,,No disponible,5,No disponible,Heatpump,No disponible,https://ev-database.org//img/auto/XPENG_G9/XPENG_G9-01-thumb.jpg,https://ev-database.org/
Mercedes-Benz,EQE 350+,"€70,626","€82,028","£76,450",153,525 km,90.6 kWh,173 Wh/km,2355 kg,750,141,430,572,,,No disponible,5,No disponible,Heatpump,No disponible,https://ev-database.org//img/auto/Mercedes_EQE/Mercedes_EQE-01-thumb.jpg,https://ev-database.org/
Jaguar,I-Pace EV400,"€76,815","€83,077","£66,350",207,380 km,84.7 kWh,223 Wh/km,2208 kg,750,85,505,360,No disponible,No disponible,No disponible,5,No disponible,Heatpump,No disponible,https://ev-database.org//img/auto/Jaguar_I-Pace-2021/Jaguar_I-Pace-2021-01-thumb.jpg,https://ev-database.org/
Tesla,Model S Performance,"€98,990","€103,005","£94,980",194,535 km,98.0 kWh,183 Wh/km,2307 kg,0,125,894,595,No disponible,No disponible,No disponible,-1,No disponible,No disponible,No disponible,https://ev-database.org//img/auto/Tesla_Model_S_2016/Tesla_Model_S_2016-01-thumb.jpg,https://ev-database.org/
Audi,A6 Avant e-tron quattro,No disponible,No disponible,No disponible,150,560 km,94.9 kWh,169 Wh/km,2370 kg,2100,200,529,677,No disponible,No disponible,No disponible,5,No disponible,Heatpump,No disponible,https://ev-database.org//img/auto/Audi_A6_Avant_etron_2024/Audi_A6_Avant_etron_2024-01-thumb.jpg,https://ev-database.org/
Porsche,Taycan 4S,"€108,867","€114,200","£86,500",272,395 km,71.0 kWh,180 Wh/km,2215 kg,0,183,491,507,No disponible,No disponible,No disponible,5,No disponible,Heatpump,No disponible,https://ev-database.org//img/auto/Porsche_Taycan_4S/Porsche_Taycan_4S-01-thumb.jpg,https://ev-database.org/
Peugeot,e-308,No disponible,No disponible,No disponible,150,300 km,50.8 kWh,169 Wh/km,1759 kg,0,80,412,324,No disponible,No disponible,No disponible,-1,No disponible,Heatpump,No disponible,https://ev-database.org//img/auto/Peugeot_e-308/Peugeot_e-308-01-thumb.jpg,https://ev-database.org/
Mini,Cooper E,No disponible,No disponible,No disponible,138,250 km,36.6 kWh,146 Wh/km,1615 kg,0,60,200,267,No disponible,No disponible,No disponible,5,No disponible,Heatpump,No disponible,https://ev-database.org//img/auto/Mini_Cooper_Electric_2024/Mini_Cooper_Electric_2024-01-thumb.jpg,https://ev-database.org/
NIO,EL6 Long Range,No disponible,No disponible,No disponible,174,435 km,90.0 kWh,207 Wh/km,2398 kg,1200,135,579,471,No disponible,No disponible,No disponible,5,No disponible,Heatpump,No disponible,https://ev-database.org//img/auto/NIO_EL6/NIO_EL6-01-thumb.jpg,https://ev-database.org/
BMW,iX2 xDrive30,No disponible,No disponible,No disponible,157,385 km,64.7 kWh,168 Wh/km,2095 kg,1200,93,525,414,No disponible,No disponible,No disponible,-1,No disponible,Heatpump,No disponible,https://ev-database.org//img/auto/BMW_iX2_2024/BMW_iX2_2024-01-thumb.jpg,https://ev-database.org/
BMW,i3s 120 Ah,"€42,600","€43,634","£34,805",183,230 km,37.9 kWh,165 Wh/km,1365 kg,0,47,260,214,,,No disponible,-1,No disponible,Heatpump,No disponible,https://ev-database.org//img/auto/BMW_i3_2019/BMW_i3_2019-01-thumb.jpg,https://ev-database.org/
Volvo,EX90 Twin Motor Performance (MY24-26),No disponible,No disponible,No disponible,227,455 km,107.0 kWh,235 Wh/km,2762 kg,2200,150,347,487,No disponible,No disponible,No disponible,-1,No disponible,Heatpump,No disponible,https://ev-database.org//img/auto/Volvo_EX90/Volvo_EX90-01-thumb.jpg,https://ev-database.org/
Renault,5 E-Tech 40kWh 95hp,No disponible,No disponible,No disponible,98,255 km,40.0 kWh,157 Wh/km,1400 kg,500,0,326,182,No disponible,No disponible,No disponible,4,No disponible,Heatpump,No disponible,https://ev-database.org//img/auto/Renault_5_ETech/Renault_5_ETech-01-thumb.jpg,https://ev-database.org/
Audi,Q4 e-tron 50 quattro,"€57,900","€71,015","£57,010",168,385 km,76.6 kWh,199 Wh/km,2210 kg,1200,115,520,418,No disponible,No disponible,No disponible,5,No disponible,Heatpump,No disponible,https://ev-database.org//img/auto/Audi_Q4_e-tron_2021/Audi_Q4_e-tron_2021-01-thumb.jpg,https://ev-database.org/
Mercedes-Benz,EQS SUV Maybach 680,No disponible,No disponible,No disponible,441,490 km,118.0 kWh,241 Wh/km,3075 kg,1800,160,440,507,No disponible,No disponible,No disponible,-1,No disponible,Heatpump,No disponible,https://ev-database.org//img/auto/Mercedes_Maybach_EQS_SUV_2024/Mercedes_Maybach_EQS_SUV_2024-01-thumb.jpg,https://ev-database.org/
Zeekr,X Long Range RWD,No disponible,No disponible,No disponible,123,355 km,64.0 kWh,180 Wh/km,1930 kg,1600,114,362,395,,,No disponible,5,No disponible,Heatpump,No disponible,https://ev-database.org//img/auto/Zeekr_X_2023/Zeekr_X_2023-01-thumb.jpg,https://ev-database.org/
MG,MG4 Electric XPOWER,No disponible,No disponible,No disponible,137,320 km,61.7 kWh,193 Wh/km,1878 kg,500,115,363,361,No disponible,No disponible,No disponible,5,No disponible,Heatpump,No disponible,https://ev-database.org//img/auto/MG_MG4_Electric_XPOWER_2023/MG_MG4_Electric_XPOWER_2023-01-thumb.jpg,https://ev-database.org/
Mercedes-Benz,EQE SUV 350+,No disponible,No disponible,No disponible,186,475 km,96.0 kWh,202 Wh/km,2490 kg,750,141,520,503,,,No disponible,5,No disponible,Heatpump,No disponible,https://ev-database.org//img/auto/Mercedes_EQE_SUV/Mercedes_EQE_SUV-01-thumb.jpg,https://ev-database.org/
Kia,EV6 Long Range AWD,"€55,980","€59,995","£51,745",146,400 km,74.0 kWh,185 Wh/km,2090 kg,1600,200,500,505,No disponible,No disponible,No disponible,5,No disponible,Heatpump,No disponible,https://ev-database.org//img/auto/Kia_EV6_2021/Kia_EV6_2021-01-thumb.jpg,https://ev-database.org/
Porsche,Macan Turbo Electric,No disponible,No disponible,No disponible,250,460 km,95.0 kWh,207 Wh/km,2480 kg,2000,200,564,544,No disponible,No disponible,No disponible,5,No disponible,Heatpump,No disponible,https://ev-database.org//img/auto/Porsche_Macan_Turbo_2024/Porsche_Macan_Turbo_2024-01-thumb.jpg,https://ev-database.org/
Citroen,e-C4 X,"€35,275","€38,055","£31,960",129,285 km,46.3 kWh,162 Wh/km,1659 kg,0,78,510,318,No disponible,No disponible,No disponible,4,No disponible,Heatpump,No disponible,https://ev-database.org//img/auto/Citroen_e-C4_X/Citroen_e-C4_X-01-thumb.jpg,https://ev-database.org/
DS,N°8 FWD Long Range,No disponible,No disponible,No disponible,115,545 km,97.2 kWh,178 Wh/km,2255 kg,1200,130,620,566,No disponible,No disponible,No disponible,-1,No disponible,Heatpump,No disponible,https://ev-database.org//img/auto/DS_No8_2024/DS_No8_2024-01-thumb.jpg,https://ev-database.org/
Skoda,Elroq RS,No disponible,No disponible,No disponible,118,450 km,79.0 kWh,176 Wh/km,2229 kg,1200,135,470,508,No disponible,No disponible,No disponible,-1,No disponible,Heatpump,No disponible,https://ev-database.org//img/auto/Skoda_Elroq_RS_2025/Skoda_Elroq_RS_2025-01-thumb.jpg,https://ev-database.org/
Renault,5 E-Tech 40kWh 120hp,No disponible,No disponible,No disponible,110,250 km,40.0 kWh,160 Wh/km,1447 kg,500,55,326,262,No disponible,No disponible,No disponible,4,No disponible,Heatpump,No disponible,https://ev-database.org//img/auto/Renault_5_ETech/Renault_5_ETech-01-thumb.jpg,https://ev-database.org/
Volvo,EX90 Twin Motor (MY24-26),No disponible,No disponible,No disponible,201,470 km,107.0 kWh,228 Wh/km,2754 kg,2200,150,347,506,No disponible,No disponible,No disponible,-1,No disponible,Heatpump,No disponible,https://ev-database.org//img/auto/Volvo_EX90/Volvo_EX90-01-thumb.jpg,https://ev-database.org/
Volvo,C40 Recharge Twin Motor (MY24),"€61,400","€61,495","£53,605",154,400 km,79.0 kWh,198 Wh/km,2185 kg,1800,125,450,443,No disponible,No disponible,No disponible,-1,No disponible,Heatpump,No disponible,https://ev-database.org//img/auto/Volvo_C40_Recharge/Volvo_C40_Recharge-01-thumb.jpg,https://ev-database.org/
Audi,Q4 e-tron 40,No disponible,No disponible,No disponible,148,325 km,59.0 kWh,182 Wh/km,2035 kg,1000,110,520,378,,,No disponible,5,No disponible,Heatpump,No disponible,https://ev-database.org//img/auto/Audi_Q4_e-tron_2021/Audi_Q4_e-tron_2021-01-thumb.jpg,https://ev-database.org/
Tesla,Model S P85D,"€115,000","€119,000",N/A,300,390 km,80.8 kWh,207 Wh/km,2262 kg,0,95,895,393,No disponible,No disponible,No disponible,5,No disponible,No disponible,No disponible,https://ev-database.org//img/auto/Tesla_Model_S/Tesla_Model_S-01-thumb.jpg,https://ev-database.org/
Kia,e-Niro 64 kWh,"€38,105","€44,995","£33,850",108,375 km,64.0 kWh,171 Wh/km,1812 kg,0,64,451,349,No disponible,No disponible,No disponible,4,No disponible,Heatpump,No disponible,https://ev-database.org//img/auto/Kia_e-Niro-2020/Kia_e-Niro-2020-01-thumb.jpg,https://ev-database.org/
Smart,#3 Brabus,No disponible,No disponible,No disponible,158,335 km,62.0 kWh,185 Wh/km,1985 kg,1600,100,385,372,No disponible,No disponible,No disponible,5,No disponible,Heatpump,No disponible,https://ev-database.org//img/auto/Smart_3_Brabus_2024/Smart_3_Brabus_2024-01-thumb.jpg,https://ev-database.org/
Mercedes-Benz,B 250e,"€39,151","€42,881","£28,875",256,150 km,28.0 kWh,187 Wh/km,1725 kg,0,0,501,106,No disponible,No disponible,No disponible,-1,No disponible,No disponible,No disponible,https://ev-database.org//img/auto/Mercedes_B_250e/Mercedes_B_250e-01-thumb.jpg,https://ev-database.org/
XPENG,P7 Wing Edition,No disponible,No disponible,No disponible,155,455 km,82.7 kWh,182 Wh/km,2255 kg,0,138,440,514,No disponible,No disponible,No disponible,5,No disponible,Heatpump,No disponible,https://ev-database.org//img/auto/XPENG_P7/XPENG_P7-01-thumb.jpg,https://ev-database.org/
Mini,Aceman E,No disponible,No disponible,No disponible,160,230 km,38.5 kWh,167 Wh/km,1720 kg,750,60,300,243,No disponible,No disponible,No disponible,-1,No disponible,Heatpump,No disponible,https://ev-database.org//img/auto/Mini_Aceman_Electric_2024/Mini_Aceman_Electric_2024-01-thumb.jpg,https://ev-database.org/
MG,Marvel R,"€46,990","€44,485",No disponible,125,365 km,70.0 kWh,192 Wh/km,1885 kg,750,82,507,344,,,No disponible,4,No disponible,Heatpump,No disponible,https://ev-database.org//img/auto/MG_Marvel_R_2021/MG_Marvel_R_2021-01-thumb.jpg,https://ev-database.org/
Mercedes-Benz,EQV 300 Long,No disponible,No disponible,No disponible,267,320 km,90.0 kWh,281 Wh/km,2625 kg,0,96,1030,297,No disponible,No disponible,No disponible,-1,No disponible,Heatpump,No disponible,https://ev-database.org//img/auto/Mercedes_EQV_2024/Mercedes_EQV_2024-01-thumb.jpg,https://ev-database.org/
Ford,Mustang Mach-E GT (MY25),No disponible,No disponible,No disponible,168,435 km,91.0 kWh,209 Wh/km,2343 kg,750,115,619,441,No disponible,No disponible,No disponible,5,No disponible,Heatpump,No disponible,https://ev-database.org//img/auto/Ford_Mustang_Mach-E/Ford_Mustang_Mach-E-01-thumb.jpg,https://ev-database.org/
Volkswagen,e-Up!,"€21,421","€25,850","£22,055",118,205 km,32.3 kWh,158 Wh/km,1235 kg,0,30,250,188,No disponible,No disponible,No disponible,3,No disponible,No disponible,No disponible,https://ev-database.org//img/auto/Volkswagen_e-Up-2019/Volkswagen_e-Up-2019-01-thumb.jpg,https://ev-database.org/
Audi,Q4 e-tron 55 quattro,No disponible,"€64,625",No disponible,160,395 km,77.0 kWh,195 Wh/km,2235 kg,1200,120,520,437,No disponible,No disponible,No disponible,5,No disponible,Heatpump,No disponible,https://ev-database.org//img/auto/Audi_Q4_e-tron_2021/Audi_Q4_e-tron_2021-01-thumb.jpg,https://ev-database.org/
Volkswagen,ID.4 GTX,No disponible,No disponible,No disponible,139,420 km,77.0 kWh,183 Wh/km,2256 kg,1200,120,543,460,No disponible,No disponible,No disponible,5,No disponible,Heatpump,No disponible,https://ev-database.org//img/auto/Volkswagen_ID4_GTX_2024/Volkswagen_ID4_GTX_2024-01-thumb.jpg,https://ev-database.org/
Tesla,Model X 75D,"€93,500","€99,670","£79,400",283,335 km,72.5 kWh,216 Wh/km,2427 kg,2250,80,0,336,No disponible,No disponible,No disponible,-1,No disponible,No disponible,No disponible,https://ev-database.org//img/auto/Tesla_Model_X/Tesla_Model_X-01-thumb.jpg,https://ev-database.org/
Smart,#5 Summit Edition,No disponible,No disponible,No disponible,128,455 km,94.0 kWh,207 Wh/km,2370 kg,1600,230,677,561,No disponible,No disponible,No disponible,-1,No disponible,Heatpump,No disponible,https://ev-database.org//img/auto/Smart_5_2025/Smart_5_2025-01-thumb.jpg,https://ev-database.org/
Peugeot,e-208,"€30,450","€34,900","£27,225",119,270 km,46.3 kWh,171 Wh/km,1530 kg,0,78,265,294,No disponible,No disponible,No disponible,4,No disponible,Heatpump,No disponible,https://ev-database.org//img/auto/Peugeot_e-208_GT/Peugeot_e-208_GT-01-thumb.jpg,https://ev-database.org/
Opel,Mokka Electric,No disponible,No disponible,No disponible,130,285 km,50.8 kWh,178 Wh/km,1615 kg,0,85,310,301,No disponible,No disponible,No disponible,4,No disponible,Heatpump,No disponible,https://ev-database.org//img/auto/Opel_Mokka_Electric_2024/Opel_Mokka_Electric_2024-01-thumb.jpg,https://ev-database.org/
Peugeot,e-208 50 kWh,No disponible,No disponible,No disponible,126,290 km,46.3 kWh,160 Wh/km,1530 kg,0,78,265,318,No disponible,No disponible,No disponible,-1,No disponible,Heatpump,No disponible,https://ev-database.org//img/auto/Peugeot_e-208_2024/Peugeot_e-208_2024-01-thumb.jpg,https://ev-database.org/
